ID,UniversityID
1,8
2,1
3,2
4,4
5,8
7,2
8,5
9,8
10,8
11,
12,
13,5
14,
15,
16,
17,
18,2
19,
20,
21,
22,
23,
24,
25,
26,1
27,1
28,
29,
30,
31,
32,
33,
34,
35,
36,1
37,6
38,6
39,
40,
41,
42,4
43,1
44,
45,
46,
47,
48,5
49,
50,
51,1
52,6
53,
54,1
55,1
56,1
57,1
58,1
59,1
60,1
62,1
63,1
64,
65,1
66,1
67,1
68,1
69,1
70,1
71,1
72,1
73,1
74,1
75,1
76,1
77,1
78,1
79,1
80,1
81,1
82,1
83,1
84,1
85,1
86,1
87,1
88,1
89,1
90,1
91,1
92,1
93,1
94,1
95,1
96,1
97,1
98,1
99,1
100,1
101,1
102,1
103,1
104,1
105,1
106,1
107,1
108,1
109,1
110,1
111,1
112,1
113,1
114,1
115,1
116,1
117,1
118,1
119,1
120,1
121,1
122,1
123,1
124,1
125,1
126,1
127,1
128,1
129,1
130,1
131,1
132,1
133,1
134,1
135,1
136,1
137,1
138,1
139,1
140,1
141,1
142,1
143,1
144,1
145,1
146,1
147,1
148,1
149,1
150,1
151,1
152,1
153,1
154,1
155,1
156,1
157,1
158,
159,1
160,3
161,3
162,7
163,7
164,7
165,5
166,5
167,5
168,4
169,4
170,1
171,1
172,1
173,
174,2
175,2
176,1
177,
178,
179,6
180,
181,6
182,5
183,1
184,5
185,7
186,
187,2
188,6
189,7
190,2
191,6
192,7
193,7
194,7
195,
196,7
197,1
198,
199,7
200,1
201,1
202,1
203,1
204,
205,3
206,6
207,1
208,1
209,
210,
211,1
212,1
213,3
214,3
215,2
216,5
217,4
218,1
219,1
220,1
221,1
222,2
223,6
224,1
225,1
226,1
227,1
228,
229,
230,
231,
232,
233,
234,
235,
236,1
237,
238,1
239,
240,1
241,
242,
243,
244,7
245,6
246,3
247,5
248,
249,7
250,
251,2
252,5
253,6
254,6
255,
256,
257,
258,
259,6
260,
261,6
262,6
263,6
264,6
265,
266,
267,
268,6
269,
270,6
271,6
272,
273,3
274,6
275,6
276,6
277,6
278,6
279,6
280,6
281,6
282,1
283,6
284,6
285,
286,
287,
288,
289,6
290,6
291,6
292,6
293,6
294,
295,6
296,6
297,6
298,3
299,2
300,2
301,2
302,2
303,6
304,2
305,
306,2
307,2
308,2
309,6
310,6
311,
312,
313,2
314,2
315,2
316,
317,2
318,2
319,2
320,2
321,2
322,2
323,2
324,6
325,2
326,
327,2
328,2
329,2
330,2
331,6
332,2
333,
334,1
335,1
336,1
337,1
338,1
339,
340,1
341,
342,1
343,
344,1
345,
346,1
347,1
348,6
349,2
350,1
351,1
352,
353,
354,1
355,3
356,2
357,
358,1
359,1
360,
361,1
362,1
363,1
364,
365,
366,
367,1
368,1
369,2
370,1
371,
372,1
373,1
374,1
375,1
376,6
377,1
378,1
379,
380,1
381,1
382,2
383,1
384,
385,
386,
387,1
388,1
389,1
390,1
391,1
392,1
393,1
394,1
395,1
396,1
397,1
398,1
399,1
400,1
401,1
402,1
403,1
404,1
405,
406,1
407,1
408,1
409,1
410,1
411,1
412,1
413,1
414,
415,4
416,4
417,1
418,4
419,1
420,4
421,
422,1
423,1
424,1
425,
426,1
427,
428,1
429,1
430,1
431,4
432,1
433,
434,1
435,4
436,1
437,
438,4
439,1
440,1
441,
442,1
443,1
444,1
445,6
446,1
447,1
448,
449,
450,6
451,6
452,6
453,6
454,
455,6
456,
457,6
458,6
459,1
460,6
461,
462,
463,1
464,1
465,
466,6
467,1
468,1
469,
470,
471,
472,1
473,4
474,
475,
476,2
477,1
478,
479,2
480,
481,
482,4
483,1
484,1
485,6
486,
487,1
488,
489,
490,5
491,5
492,5
493,5
494,5
495,
496,1
498,1
499,5
500,
501,2
502,5
503,1
504,5
505,5
506,
507,1
508,
509,4
510,4
511,5
512,5
513,5
514,5
515,2
516,
517,2
518,5
519,
520,5
521,5
522,5
523,6
524,2
525,1
526,5
527,2
528,2
529,2
530,
531,
532,
533,
534,
535,
536,
537,
538,
539,
540,
541,
542,
543,
544,2
545,
546,
547,5
548,7
549,5
550,5
551,5
552,
553,5
554,5
555,5
556,
557,5
558,
559,
560,1
561,
562,5
563,1
564,
565,1
566,1
567,1
568,1
569,
570,1
571,
572,7
573,
574,
575,
576,
577,1
578,
579,2
580,
581,1
582,2
583,2
584,2
585,6
586,5
587,
588,
589,1
590,1
591,2
592,
593,5
594,5
595,1
596,1
597,2
598,7
599,3
600,3
601,2
602,4
603,3
604,3
605,2
606,4
607,4
608,4
609,2
610,3
611,4
612,2
613,4
614,4
615,2
616,2
617,4
618,4
619,4
620,2
621,2
622,2
623,2
624,4
625,2
626,3
627,2
628,4
629,3
630,2
631,2
632,2
633,3
634,4
635,2
636,3
637,
638,4
639,2
640,2
641,3
642,2
643,3
644,4
645,2
646,4
647,4
648,4
649,2
650,2
651,2
652,
653,2
654,2
655,4
656,2
657,4
658,
659,4
660,4
661,4
662,2
663,4
664,3
665,2
666,4
667,4
668,4
669,2
670,3
671,2
672,7
673,4
674,4
675,2
676,2
677,2
678,4
679,4
680,5
681,5
682,5
683,5
684,5
685,7
686,
687,2
688,5
689,7
690,5
691,5
692,
693,7
694,
695,7
696,7
697,7
698,7
699,7
700,6
701,7
702,5
703,
704,7
705,7
706,5
707,5
708,2
709,7
710,7
711,5
712,7
713,7
714,6
715,7
716,
717,7
718,
719,3
720,6
721,5
722,6
723,5
724,
725,5
726,7
727,6
728,6
729,7
730,3
731,7
732,7
733,6
734,6
735,6
736,
737,6
738,1
739,6
740,7
741,5
742,6
743,6
744,5
745,
746,5
747,6
748,6
749,7
750,6
751,5
752,7
753,7
754,
755,7
756,5
757,6
758,5
759,7
760,7
761,
762,
763,3
764,5
765,4
766,5
767,5
768,
769,6
770,5
771,7
772,5
773,6
774,6
775,7
776,5
777,5
778,6
779,7
780,7
781,5
782,6
783,7
784,6
785,6
786,7
787,7
788,5
789,7
790,6
791,
792,5
793,2
794,7
795,7
796,7
797,
798,6
799,7
800,7
801,4
802,6
803,
804,6
805,
806,7
807,6
808,6
809,
810,
811,7
812,4
813,6
814,2
815,
816,6
817,6
818,
819,7
820,6
821,5
822,1
823,6
824,5
825,2
826,6
827,7
828,2
829,7
830,
831,6
832,3
833,
834,7
835,5
836,7
837,7
838,7
839,6
840,2
841,6
842,2
843,6
844,6
845,7
846,7
847,6
848,4
849,4
850,7
851,5
852,7
853,4
854,6
855,
856,6
857,5
858,6
859,7
860,7
861,2
862,7
863,7
864,5
865,5
866,7
867,7
868,7
869,7
870,7
871,7
872,7
873,
874,7
875,7
876,7
877,2
878,6
879,5
880,2
881,7
882,2
883,7
884,7
885,5
886,5
887,2
888,7
889,5
890,7
891,7
892,2
893,2
894,2
895,2
896,7
897,2
898,7
899,7
900,5
901,5
902,3
903,7
904,5
905,3
906,3
907,7
908,5
909,
910,7
911,6
912,6
913,7
914,2
915,7
916,6
917,2
918,2
919,4
920,2
921,7
922,6
923,2
924,
925,7
926,5
927,1
928,
929,1
930,3
931,
932,1
933,3
934,2
935,3
936,3
937,3
938,1
939,1
940,3
941,3
942,1
943,3
944,1
945,1
946,1
947,1
948,1
949,3
950,1
951,
952,
953,1
954,3
955,
956,
957,6
958,6
959,6
960,6
961,6
962,5
963,6
964,3
965,
966,1
967,7
968,3
969,5
970,2
971,2
972,2
973,
974,2
975,2
976,7
977,2
978,5
979,2
980,7
981,
982,
983,
984,6
985,1
986,2
987,2
988,7
989,7
990,2
991,5
992,7
993,2
994,4
995,2
996,2
997,5
998,2
999,7
1000,3
1001,1
1002,2
1003,
1004,2
1005,
1006,4
1007,1
1008,3
1009,2
1010,4
1011,2
1012,2
1013,2
1014,2
1015,2
1016,2
1017,1
1018,1
1019,2
1020,6
1021,1
1022,2
1023,2
1024,2
1025,2
1026,5
1027,1
1028,2
1029,2
1030,2
1031,2
1032,6
1033,2
1034,2
1035,2
1036,2
1037,2
1038,1
1039,4
1040,
1041,3
1042,5
1043,1
1044,2
1045,
1046,7
1047,1
1048,2
1049,
1051,6
1052,
1053,6
1054,6
1055,2
1057,3
1058,6
1059,6
1060,6
1061,2
1062,2
1063,2
1064,2
1065,2
1066,1
1067,3
1068,6
1069,5
1070,2
1071,7
1072,2
1073,1
1074,2
1075,2
1076,2
1077,4
1078,1
1079,6
1080,2
1081,1
1082,
1083,2
1084,2
1085,2
1086,2
1087,7
1088,
1089,2
1090,7
1091,4
1092,4
1093,4
1094,4
1095,4
1096,4
1097,4
1098,6
1099,6
1100,2
1101,2
1102,4
1103,2
1104,2
1105,1
1106,
1107,
1108,2
1109,1
1110,
1111,2
1112,2
1113,2
1114,2
1115,1
1116,2
1117,4
1118,
1119,1
1120,1
1121,1
1122,2
1123,7
1124,2
1125,1
1126,2
1127,1
1128,1
1129,2
1130,1
1131,2
1132,1
1133,1
1134,2
1135,2
1136,2
1137,7
1140,
1141,1
1142,1
1143,1
1144,1
1145,4
1146,2
1147,
1148,1
1149,1
1150,1
1151,
1152,7
1153,4
1154,4
1155,
1156,4
1157,4
1158,4
1159,4
1160,4
1161,4
1162,4
1163,4
1164,4
1165,4
1166,4
1167,4
1168,
1169,4
1170,
1171,4
1172,4
1173,7
1174,7
1175,4
1176,7
1177,7
1178,7
1179,7
1180,4
1181,7
1182,7
1183,7
1184,
1185,7
1186,7
1187,4
1188,4
1189,7
1190,1
1191,1
1192,1
1193,7
1194,1
1195,1
1196,1
1197,1
1198,1
1199,2
1200,
1201,6
1202,6
1203,2
1204,2
1205,1
1206,1
1207,6
1208,6
1209,6
1210,6
1211,6
1212,1
1213,1
1214,
1215,1
1216,1
1217,1
1218,7
1219,6
1220,1
1221,1
1222,4
1223,
1224,3
1225,6
1226,1
1227,1
1228,7
1229,1
1230,1
1231,2
1232,1
1233,1
1234,6
1235,1
1236,1
1237,
1238,2
1239,1
1240,6
1241,1
1242,1
1243,
1244,1
1245,1
1246,1
1247,1
1248,1
1249,
1250,1
1251,2
1252,1
1253,1
1254,7
1255,6
1256,6
1257,1
1258,7
1259,1
1260,1
1261,1
1262,7
1263,1
1264,7
1265,7
1266,1
1267,1
1268,4
1269,4
1270,
1271,2
1272,1
1273,4
1274,1
1275,4
1276,7
1277,1
1278,1
1279,1
1280,1
1281,2
1282,1
1283,1
1284,1
1285,7
1286,1
1287,1
1288,1
1289,1
1290,1
1291,6
1292,1
1293,1
1294,1
1295,7
1296,4
1297,1
1298,3
1299,1
1300,2
1301,
1302,1
1303,3
1304,1
1305,1
1306,1
1307,7
1308,5
1309,1
1310,5
1311,5
1312,5
1313,5
1314,
1315,5
1316,5
1317,5
1318,6
1319,5
1320,5
1321,5
1322,5
1323,
1324,5
1325,5
1326,5
1327,5
1328,
1329,5
1330,5
1331,
1332,5
1333,5
1334,2
1335,5
1336,5
1337,5
1338,2
1339,
1340,5
1341,5
1342,5
1343,4
1344,7
1345,5
1346,7
1347,5
1348,5
1349,5
1350,4
1351,
1352,5
1353,7
1354,7
1355,5
1356,2
1357,7
1358,
1359,
1360,7
1361,7
1362,7
1363,7
1364,7
1365,7
1366,1
1367,7
1368,7
1369,7
1370,7
1371,7
1372,7
1373,7
1374,7
1375,7
1376,7
1377,7
1378,7
1379,7
1380,7
1381,7
1382,7
1383,7
1384,7
1385,
1386,7
1387,7
1388,7
1389,7
1390,7
1391,7
1392,7
1393,3
1394,7
1395,7
1396,7
1397,5
1398,7
1399,7
1400,1
1401,1
1402,7
1403,7
1404,
1405,7
1406,6
1407,4
1408,
1409,2
1410,1
1411,5
1412,1
1413,7
1414,7
1415,2
1416,7
1417,7
1418,7
1419,4
1420,7
1421,4
1422,2
1423,6
1425,
1426,7
1427,7
1428,5
1429,
1430,3
1431,
1432,3
1433,1
1434,6
1435,7
1436,6
1437,4
1438,
1439,7
1440,5
1441,7
1442,7
1443,7
1444,6
1445,
1446,6
1447,
1448,
1449,6
1450,
1451,7
1452,7
1453,6
1454,
1455,6
1456,
1457,7
1458,
1459,4
1460,6
1461,1
1462,
1463,4
1464,5
1465,4
1466,1
1467,7
1468,1
1469,
1470,2
1471,1
1472,1
1473,2
1474,3
1475,5
1476,7
1477,4
1478,
1479,7
1480,1
1481,2
1482,
1483,
1484,6
1485,
1486,
1487,
1488,1
1489,
1490,1
1491,
1492,2
1493,4
1494,7
1495,3
1496,6
1497,
1498,
1499,
1500,
1501,
1502,
1503,
1504,
1505,
1506,
1507,
1508,
1509,
1510,
1511,
1512,
1513,
1514,
1515,
1516,3
1517,
1518,
1519,
1520,
1521,
1522,
1523,
1524,
1525,
1526,
1527,
1528,
1530,
1531,
1532,
1533,5
1534,
1535,
1536,
1537,
1538,
1539,
1540,
1541,
1542,7
1543,
1544,
1545,
1546,
1547,
1548,
1549,
1550,
1551,
1552,
1553,
1554,1
1555,
1556,
1557,
1558,
1559,
1560,
1561,
1562,
1563,
1564,
1565,
1566,
1567,
1568,
1569,
1570,
1571,
1572,
1573,
1574,
1575,
1576,
1577,6
1578,1
1579,
1580,
1581,
1582,
1583,
1584,1
1585,
1586,6
1587,
1588,
1589,
1590,1
1591,
1592,
1593,3
1594,
1595,
1596,
1597,1
1598,
1599,7
1600,
1601,
1602,
1603,
1604,3
1605,1
1606,
1607,
1608,
1609,
1610,
1611,
1612,
1613,
1614,
1615,
1616,
1617,
1618,
1619,
1620,
1621,
1622,
1623,
1624,
1625,
1626,
1627,
1628,
1629,
1630,
1631,
1632,
1633,5
1634,
1635,
1636,
1637,
1638,
1639,
1640,
1641,
1642,
1643,
1644,
1645,
1646,
1647,
1648,
1649,
1650,
1651,
1652,
1653,
1654,
1655,7
1656,
1657,
1658,1
1659,2
1660,
1661,
1662,
1663,
1664,
1665,
1666,
1667,
1668,
1669,
1670,
1671,
1672,
1673,
1674,
1675,
1676,
1677,
1678,
1679,
1680,
1681,7
1682,
1683,
1684,
1685,
1686,
1687,
1688,
1689,
1690,
1691,
1692,
1693,
1694,2
1695,
1696,
1697,
1698,
1699,
1700,
1701,
1702,
1703,3
1704,1
1705,
1706,
1707,
1708,2
1709,
1710,
1711,
1712,
1713,
1714,
1715,
1716,
1717,
1718,
1719,
1720,
1721,
1722,
1723,
1724,
1725,1
1726,
1727,
1728,
1729,7
1730,
1731,
1732,
1733,
1734,7
1735,
1736,
1737,
1738,
1739,
1740,3
1741,
1742,
1743,
1744,
1745,7
1746,
1747,
1748,2
1749,
1750,3
1751,
1752,
1753,
1754,4
1755,
1756,
1757,6
1758,
1759,
1760,
1761,
1762,6
1763,
1764,
1765,
1766,2
1767,
1768,
1769,
1770,5
1771,
1772,
1773,6
1774,
1775,
1776,
1777,
1778,
1779,
1780,
1781,
1782,1
1783,4
1784,4
1785,4
1786,2
1787,
1788,7
1789,6
1790,6
1791,
1792,
1793,
1794,1
1795,
1796,
1797,
1798,
1799,
1800,1
1801,5
1802,
1803,6
1804,
1805,
1806,1
1807,
1808,
1809,
1810,7
1811,4
1812,7
1813,
1814,
1815,
1816,5
1817,7
1818,
1819,
1820,
1821,
1822,
1823,2
1824,2
1825,5
1826,
1827,
1828,
1829,
1830,7
1831,3
1832,2
1833,
1834,1
1835,
1836,
1837,
1838,
1839,
1840,
1841,7
1842,
1843,7
1844,
1845,
1846,
1847,
1848,5
1849,5
1850,
1851,
1852,
1853,
1854,4
1855,5
1856,5
1857,5
1858,
1859,
1860,
1861,
1862,
1863,2
1864,1
1865,7
1866,
1867,5
1868,
1869,
1870,6
1871,
1872,5
1873,
1874,5
1875,3
1876,
1877,5
1878,2
1879,2
1880,
1881,1
1882,
1883,
1884,5
1885,
1886,2
1887,1
1888,
1889,6
1890,4
1891,
1892,3
1893,5
1894,1
1895,
1896,
1897,1
1898,7
1899,5
1900,1
1901,
1902,6
1903,
1904,
1905,1
1906,1
1907,6
1908,
1909,6
1910,
1911,
1912,
1913,
1914,7
1915,7
1916,7
1917,7
1918,7
1919,7
1920,
1921,
1922,1
1923,
1924,
1925,
1926,7
1927,1
1928,
1929,7
1930,
1931,7
1932,7
1933,
1934,7
1935,
1936,6
1937,7
1938,
1939,
1940,
1941,
1942,1
1943,2
1944,7
1945,
1946,
1947,2
1948,
1949,1
1950,
1951,1
1952,
1953,
1954,
1955,6
1956,1
1957,
1958,
1959,2
1960,
1961,6
1962,
1963,
1964,5
1965,
1966,
1967,
1968,1
1969,1
1970,3
1971,
1972,
1973,3
1974,7
1975,5
1976,
1977,
1978,
1979,
1980,
1981,
1982,
1983,
1984,
1985,6
1986,6
1987,
1988,
1989,6
1990,
1991,1
1992,5
1993,1
1995,1
1996,1
1997,7
1998,
1999,1
2000,1
2001,
2002,1
2003,1
2004,1
2005,
2006,1
2007,1
2008,7
2009,1
2010,1
2011,1
2012,
2013,1
2014,1
2015,1
2016,1
2017,1
2018,1
2019,1
2020,1
2021,1
2022,1
2023,1
2024,1
2025,
2026,1
2027,
2028,1
2029,1
2030,7
2031,1
2032,5
2033,
2034,
2035,1
2036,
2037,1
2038,
2039,
2040,1
2041,1
2042,
2043,1
2044,1
2045,1
2046,1
2047,
2048,
2049,1
2050,1
2051,
2052,1
2053,
2054,1
2055,1
2056,
2057,1
2058,
2059,1
2060,1
2061,1
2062,
2063,1
2064,1
2065,
2066,
2067,1
2068,
2069,
2070,1
2071,1
2072,1
2073,
2074,1
2075,
2076,1
2077,3
2078,
2079,7
2080,2
2081,1
2082,
2083,
2084,
2085,1
2086,1
2087,5
2088,
2089,
2090,1
2091,
2092,1
2093,1
2094,
2095,
2096,6
2097,
2098,
2099,1
2100,
2101,
2102,
2103,
2104,
2105,
2106,
2107,
2108,7
2109,
2110,
2111,
2112,1
2113,
2114,
2115,1
2116,
2117,
2118,
2119,1
2120,
2121,
2122,1
2123,6
2124,7
2125,6
2126,
2127,1
2128,2
2129,1
2130,1
2131,
2132,
2133,1
2134,
2135,
2136,3
2137,
2138,7
2139,3
2140,1
2141,
2142,
2143,
2144,
2145,
2146,
2147,1
2148,
2149,
2150,1
2151,1
2152,1
2153,1
2154,
2155,1
2156,
2157,
2158,
2159,
2160,1
2161,1
2162,1
2163,1
2164,
2165,
2166,1
2167,1
2168,
2169,
2170,7
2171,1
2172,
2173,
2174,
2175,
2176,
2177,6
2178,1
2179,
2180,
2181,
2182,
2183,1
2184,
2185,1
2186,
2187,
2188,
2189,
2190,3
2191,
2192,
2193,
2194,
2195,
2196,1
2197,1
2198,
2199,
2200,2
2201,
2202,
2203,1
2204,
2205,
2206,
2207,
2208,
2209,
2210,
2211,
2212,
2213,5
2214,6
2215,
2216,
2217,
2218,
2219,1
2220,1
2221,
2222,
2223,7
2224,
2225,
2227,
2228,1
2229,
2230,
2231,1
2232,1
2233,1
2234,7
2235,
2236,1
2237,
2238,
2239,
2240,2
2241,
2242,
2243,
2244,
2245,
2246,5
2247,5
2248,5
2249,5
2250,5
2251,5
2252,5
2253,6
2254,1
2255,5
2256,5
2257,5
2258,5
2259,5
2260,5
2261,1
2262,5
2263,
2264,5
2265,5
2266,5
2267,
2268,5
2269,5
2270,
2271,5
2272,5
2273,5
2274,5
2275,5
2276,5
2277,5
2278,5
2279,5
2280,7
2281,7
2282,5
2283,5
2284,5
2285,5
2286,5
2287,5
2288,
2289,5
2290,5
2291,5
2292,5
2293,5
2294,5
2295,5
2296,5
2297,3
2298,
2299,5
2300,5
2301,5
2302,5
2303,5
2304,
2305,5
2306,
2307,
2308,
2309,
2310,7
2311,5
2312,4
2313,
2314,1
2315,
2316,
2317,5
2318,5
2319,7
2320,7
2321,7
2322,
2323,2
2324,5
2325,5
2326,5
2327,
2328,5
2329,5
2330,5
2331,
2332,5
2333,5
2334,
2335,5
2336,7
2337,
2338,5
2339,5
2340,
2341,5
2342,5
2343,5
2344,5
2345,7
2346,7
2347,5
2348,3
2349,5
2350,1
2351,7
2352,7
2353,5
2354,1
2355,
2356,
2357,4
2358,4
2359,4
2360,4
2362,3
2363,4
2364,4
2365,4
2366,
2367,4
2368,4
2369,4
2370,4
2371,4
2372,4
2373,4
2374,
2375,5
2376,5
2377,4
2378,4
2379,
2380,
2381,5
2382,5
2383,5
2384,4
2385,
2386,5
2387,
2388,4
2389,
2390,5
2391,5
2392,4
2393,6
2394,
2395,5
2396,5
2397,
2398,
2399,4
2400,
2401,
2402,
2403,
2404,1
2405,
2406,5
2407,5
2408,4
2409,
2410,
2411,1
2412,2
2413,3
2414,6
2415,7
2416,3
2417,3
2418,6
2419,2
2420,6
2421,7
2422,
2423,6
2424,7
2425,6
2426,2
2427,6
2428,2
2429,6
2430,3
2431,3
2432,
2433,7
2434,6
2435,7
2436,3
2437,2
2438,2
2439,3
2440,7
2441,6
2442,
2443,6
2444,6
2445,2
2446,2
2447,6
2448,6
2449,6
2450,2
2451,2
2452,6
2453,6
2454,6
2455,3
2456,2
2457,6
2458,6
2459,2
2460,6
2461,3
2462,1
2463,2
2464,2
2465,7
2466,5
2467,5
2468,5
2469,
2470,2
2471,
2472,6
2473,3
2474,5
2475,2
2476,5
2477,
2478,6
2479,5
2480,
2481,7
2482,2
2483,5
2484,3
2485,6
2486,7
2487,5
2488,6
2489,3
2490,6
2491,2
2492,2
2493,6
2494,6
2495,7
2496,
2497,5
2498,
2499,6
2500,2
2501,
2502,6
2503,1
2504,3
2505,
2506,5
2507,2
2508,6
2509,6
2510,
2511,6
2512,2
2513,
2514,
2515,6
2516,6
2517,7
2518,2
2519,
2520,6
2521,2
2522,2
2523,7
2524,7
2525,
2526,7
2527,5
2528,2
2529,3
2530,2
2531,3
2532,3
2533,3
2534,
2535,2
2536,6
2537,5
2538,7
2539,5
2540,5
2541,6
2542,
2543,5
2544,6
2545,5
2546,6
2547,3
2548,6
2549,7
2550,3
2551,
2552,7
2553,7
2554,7
2555,6
2556,7
2557,7
2558,7
2559,2
2560,3
2561,
2562,
2563,2
2564,7
2565,7
2566,
2567,3
2568,7
2569,6
2570,7
2571,
2572,7
2573,
2574,
2575,7
2576,3
2577,
2578,6
2579,6
2580,7
2581,7
2582,6
2583,6
2584,1
2585,5
2586,
2587,7
2588,
2589,7
2590,5
2591,6
2592,7
2593,5
2594,
2595,5
2596,2
2597,7
2598,3
2599,7
2600,5
2601,6
2602,5
2603,5
2604,7
2605,5
2606,2
2607,6
2608,5
2609,7
2610,7
2611,2
2612,6
2613,3
2614,5
2615,2
2616,6
2617,2
2618,7
2619,7
2620,7
2621,2
2622,3
2623,2
2624,7
2625,2
2626,6
2627,6
2628,2
2629,
2630,2
2631,4
2632,6
2633,6
2634,5
2635,1
2636,
2637,7
2638,7
2639,
2640,7
2641,1
2642,5
2643,2
2644,4
2645,7
2646,7
2647,
2648,7
2649,5
2650,7
2651,7
2652,
2653,
2654,3
2655,2
2656,1
2657,6
2658,7
2659,
2660,
2661,7
2662,7
2663,1
2664,5
2665,7
2666,2
2667,5
2668,5
2669,6
2670,7
2671,6
2672,2
2673,
2674,
2675,
2676,3
2677,6
2678,5
2679,3
2680,2
2681,1
2682,1
2683,1
2684,1
2685,1
2686,1
2687,1
2688,1
2689,1
2690,1
2691,5
2692,
2693,1
2694,3
2695,2
2696,1
2697,1
2698,1
2699,1
2700,1
2701,1
2702,
2703,
2704,1
2705,6
2706,7
2707,4
2708,3
2709,1
2710,4
2711,
2712,1
2713,
2714,5
2715,
2716,3
2717,5
2718,5
2719,5
2720,6
2721,2
2722,2
2723,1
2724,5
2725,
2726,
2727,5
2728,6
2729,1
2730,5
2731,5
2732,6
2733,
2734,
2735,
2736,
2737,1
2738,
2739,1
2740,
2741,
2742,1
2743,
2744,1
2745,6
2746,
2747,5
2748,7
2749,7
2750,
2751,1
2752,
2753,
2754,5
2755,6
2756,1
2757,
2758,
2759,7
2760,
2761,
2762,
2763,3
2764,
2765,1
2766,7
2767,7
2768,
2769,
2770,
2771,5
2772,
2773,
2774,
2775,6
2776,6
2777,2
2778,
2779,6
2780,2
2781,2
2782,2
2783,2
2784,2
2785,1
2786,6
2787,
2788,5
2789,
2790,
2791,1
2792,1
2793,5
2794,5
2795,
2796,2
2797,
2798,5
2799,5
2800,
2801,
2802,
2803,1
2804,1
2805,6
2806,2
2807,
2808,5
2809,3
2810,
2811,7
2812,
2813,2
2814,7
2815,7
2816,7
2817,2
2818,
2819,5
2820,1
2821,5
2822,1
2823,
2824,
2825,2
2826,7
2827,
2828,
2829,
2830,5
2831,7
2832,5
2833,7
2834,3
2835,
2836,1
2837,
2838,6
2839,1
2840,
2841,3
2842,3
2843,5
2844,
2845,1
2846,7
2847,
2848,1
2849,5
2850,
2851,7
2852,6
2853,1
2854,7
2855,1
2856,7
2857,2
2858,
2859,4
2860,7
2861,5
2862,
2863,7
2864,7
2865,5
2866,
2867,1
2868,1
2869,
2870,2
2871,
2872,
2873,
2874,1
2875,
2876,2
2877,6
2878,7
2879,2
2880,6
2881,7
2882,4
2883,1
2884,4
2885,7
2886,
2887,1
2888,7
2889,7
2890,7
2891,1
2892,7
2893,3
2894,
2895,
2896,
2897,2
2898,
2899,
2900,2
2901,6
2902,
2903,5
2904,5
2905,
2906,
2907,2
2908,1
2909,5
2910,
2911,
2912,
2913,
2914,
2915,
2916,7
2917,
2918,
2919,3
2920,5
2921,
2922,7
2923,
2924,6
2925,
2926,
2927,1
2928,
2929,
2930,
2931,
2932,
2933,2
2934,
2935,
2936,1
2937,7
2938,7
2939,7
2940,
2941,6
2942,
2943,
2944,2
2945,1
2946,4
2947,7
2948,3
2949,5
2950,
2951,7
2952,1
2953,5
2954,2
2955,1
2956,7
2957,7
2958,7
2959,
2960,7
2961,
2962,7
2963,7
2964,1
2965,6
2966,1
2967,4
2968,
2969,1
2970,1
2971,1
2972,
2973,6
2974,3
2975,
2976,7
2977,7
2978,
2979,1
2980,5
2981,7
2982,7
2983,7
2984,7
2985,5
2986,
2987,1
2988,
2989,
2990,6
2991,
2992,5
2993,7
2994,7
2995,1
2996,6
2997,7
2998,2
2999,5
3000,
3001,3
3002,
3003,2
3004,
3005,1
3006,
3007,6
3008,7
3009,
3010,1
3011,6
3012,
3013,
3014,
3015,
3016,2
3017,3
3018,
3019,6
3020,
3021,4
3022,5
3023,1
3024,1
3025,5
3026,3
3027,
3028,1
3029,6
3030,
3031,5
3032,
3033,
3034,2
3035,
3036,7
3037,5
3038,
3040,1
3041,7
3042,6
3043,
3044,
3045,1
3046,
3047,
3048,1
3049,
3050,4
3051,
3052,
3053,
3054,1
3055,2
3056,
3057,
3058,5
3060,1
3061,5
3062,2
3063,
3064,3
3065,7
3066,1
3067,
3068,7
3069,5
3070,
3071,1
3072,7
3073,
3074,
3075,1
3076,1
3077,1
3078,
3079,
3080,
3081,
3082,1
3083,2
3084,
3085,
3086,
3087,
3088,
3089,
3090,5
3091,1
3092,4
3093,3
3094,
3095,5
3096,
3097,1
3098,1
3099,
3100,
3101,1
3102,5
3103,
3104,6
3105,1
3106,1
3107,
3108,2
3109,
3110,2
3111,
3112,1
3113,2
3114,
3115,7
3116,1
3117,
3118,
3119,2
3120,4
3121,5
3122,
3123,1
3124,
3125,1
3126,
3127,3
3128,3
3129,5
3130,
3131,7
3132,5
3133,
3134,5
3135,5
3136,
3137,5
3138,5
3139,
3140,2
3141,3
3142,7
3143,3
3144,2
3145,5
3146,5
3147,6
3148,
3149,1
3150,
3151,1
3152,2
3153,2
3154,6
3155,
3156,5
3157,1
3158,
3159,
3160,
3161,2
3162,2
3163,2
3164,2
3165,2
3166,2
3167,2
3168,2
3169,2
3170,2
3171,2
3172,
3173,2
3174,
3175,
3176,2
3177,2
3178,6
3179,
3180,1
3181,2
3182,2
3183,2
3184,4
3185,
3186,
3187,2
3188,2
3189,2
3190,
3191,1
3192,2
3193,1
3194,2
3195,2
3196,3
3197,
3198,2
3199,
3200,2
3201,
3202,
3203,5
3204,2
3205,2
3206,
3207,2
3208,
3209,
3210,
3211,
3212,
3213,2
3214,2
3215,2
3216,
3217,
3218,
3219,
3220,5
3221,1
3222,2
3223,2
3224,2
3225,
3226,
3227,
3228,
3229,
3230,5
3231,2
3232,7
3233,2
3234,2
3235,
3236,
3237,
3238,5
3239,
3240,
3241,5
3242,2
3243,
3244,5
3245,
3246,1
3247,5
3248,3
3249,
3250,
3251,1
3252,7
3253,2
3254,
3255,
3256,2
3257,3
3258,2
3259,3
3260,
3261,
3262,5
3263,2
3264,
3265,
3266,
3267,
3268,
3269,1
3270,7
3271,
3272,5
3273,
3274,2
3275,4
3276,5
3277,7
3278,2
3279,3
3280,
3281,
3282,
3283,
3284,
3285,
3286,
3287,5
3288,2
3289,
3290,5
3291,2
3292,6
3293,3
3294,1
3296,3
3297,2
3298,
3299,
3300,5
3301,
3302,
3303,
3304,
3305,
3306,
3307,2
3308,
3309,7
3310,
3311,
3312,
3313,7
3314,5
3315,6
3316,7
3317,5
3318,6
3319,
3320,2
3321,6
3322,
3323,5
3324,
3325,6
3326,7
3327,
3328,
3329,1
3330,6
3331,2
3332,6
3333,
3334,6
3335,6
3336,2
3337,4
3338,
3339,3
3340,7
3341,7
3342,7
3343,
3344,
3345,7
3346,3
3347,1
3348,8
3349,2
3350,
3351,2
3352,6
3353,7
3354,
3355,7
3356,1
3357,
3358,5
3359,
3360,3
3361,3
3362,1
3363,6
3364,
3365,7
3366,
3367,7
3368,7
3369,6
3370,5
3371,
3372,2
3373,4
3374,3
3375,
3376,
3377,7
3378,7
3379,
3380,5
3381,3
3382,1
3383,1
3384,1
3385,
3386,4
3387,
3388,
3389,
3390,
3391,
3392,5
3393,7
3394,7
3395,
3396,
3397,5
3398,
3399,5
3400,6
3401,6
3402,
3403,
3404,
3405,5
3406,3
3407,7
3408,
3409,2
3410,
3411,
3412,
3413,7
3414,
3415,
3416,7
3417,
3418,1
3419,
3420,7
3421,
3422,2
3423,
3424,
3425,
3426,
3427,
3428,
3429,2
3430,3
3431,
3432,
3433,1
3434,2
3435,
3436,
3437,
3438,
3439,
3440,
3441,3
3442,
3443,
3444,
3445,
3446,
3447,
3448,
3449,1
3450,
3451,
3452,
3453,
3454,
3455,
3456,
3457,
3458,
3459,
3460,
3461,5
3462,
3463,6
3464,
3465,1
3466,7
3467,7
3468,7
3469,7
3470,
3471,
3472,
3473,
3474,
3475,
3476,7
3477,7
3478,
3479,5
3480,
3481,7
3482,7
3483,4
3484,7
3485,
3486,7
3487,7
3488,
3489,1
3490,7
3491,7
3492,2
3493,2
3494,2
3495,6
3496,4
3497,5
3498,
3499,7
3500,
3501,7
3502,
3503,4
3504,1
3505,
3506,3
3507,4
3508,3
3509,
3510,4
3511,
3512,
3513,
3514,5
3515,7
3516,7
3517,
3518,1
3519,7
3520,1
3521,7
3522,4
3523,7
3524,1
3525,7
3526,7
3527,
3528,4
3529,
3530,
3531,5
3532,
3533,5
3534,
3535,7
3536,
3537,7
3538,
3539,
3540,
3541,
3542,
3543,1
3544,
3545,5
3546,
3547,
3548,2
3549,
3550,6
3551,
3552,
3553,2
3554,2
3555,7
3556,2
3557,3
3558,6
3559,
3560,2
3561,
3562,
3563,5
3564,
3565,1
3566,2
3567,
3568,
3569,
3570,2
3571,
3572,
3573,1
3574,
3575,
3576,
3577,2
3578,
3579,6
3580,
3581,
3582,2
3583,
3584,1
3585,3
3586,3
3587,3
3588,3
3589,
3590,3
3591,3
3592,7
3593,
3594,2
3595,1
3596,
3597,3
3598,2
3599,7
3600,
3601,
3602,7
3603,
3604,
3605,
3606,
3607,2
3608,6
3609,
3610,1
3611,
3612,6
3613,
3615,2
3616,4
3617,2
3618,5
3619,1
3620,
3621,
3622,3
3623,
3624,1
3625,2
3626,6
3627,7
3628,7
3629,
3630,6
3631,3
3632,
3633,3
3634,3
3635,
3636,6
3637,3
3638,3
3639,
3640,7
3641,
3642,7
3643,7
3644,
3645,7
3646,
3648,
3649,1
3650,2
3651,
3652,6
3653,
3654,2
3655,2
3656,3
3657,6
3658,6
3659,2
3660,
3661,2
3662,
3663,
3664,
3665,7
3666,7
3667,5
3668,5
3669,
3670,2
3671,1
3672,5
3673,4
3674,
3675,
3676,6
3677,3
3678,3
3679,1
3680,
3681,3
3682,
3683,2
3684,2
3685,1
3686,
3687,3
3688,
3689,
3690,
3691,
3692,
3693,
3694,7
3695,7
3696,1
3697,
3698,
3699,3
3700,
3701,7
3702,7
3703,7
3704,2
3705,7
3706,7
3707,
3708,
3709,
3710,
3711,5
3712,
3713,6
3714,
3715,
3716,4
3717,6
3718,6
3719,
3720,3
3721,2
3722,
3723,6
3724,3
3725,3
3726,3
3727,
3728,5
3729,2
3730,
3731,
3732,5
3733,6
3734,5
3735,
3736,
3737,2
3738,
3739,
3740,
3741,2
3742,2
3743,
3744,2
3745,
3746,2
3748,
3749,2
3750,7
3751,7
3752,2
3753,2
3754,1
3755,1
3756,5
3757,2
3758,
3759,7
3760,1
3761,7
3762,
3763,5
3764,1
3765,2
3766,5
3767,3
3768,5
3769,
3770,1
3771,
3772,5
3773,6
3774,
3775,7
3776,
3777,
3778,
3779,3
3780,
3781,7
3782,7
3783,6
3784,7
3785,
3786,
3787,
3788,2
3789,7
3790,3
3791,2
3792,2
3793,2
3794,
3795,7
3796,6
3797,7
3798,1
3799,2
3800,3
3801,3
3802,
3803,
3804,
3805,6
3806,
3807,
3808,1
3809,
3810,
3811,
3812,
3813,1
3814,2
3815,7
3816,7
3817,6
3818,3
3819,1
3820,
3821,1
3822,
3823,5
3824,3
3825,7
3826,2
3827,2
3828,1
3829,7
3830,
3831,2
3832,7
3833,2
3834,
3835,1
3836,3
3837,2
3838,
3839,3
3840,
3841,
3842,
3843,2
3844,7
3845,
3846,1
3847,
3848,2
3849,1
3850,7
3851,1
3852,1
3853,
3854,2
3855,
3856,
3857,6
3858,
3859,5
3860,
3861,7
3862,
3863,4
3864,3
3865,7
3866,7
3867,7
3868,4
3869,5
3870,7
3871,7
3872,
3873,3
3874,2
3875,1
3876,
3877,2
3878,
3879,7
3880,2
3881,1
3882,
3883,
3884,3
3885,
3886,2
3887,3
3888,3
3889,
3890,2
3891,7
3892,
3893,
3894,4
3895,3
3896,2
3897,
3898,3
3899,2
3900,7
3901,2
3902,6
3903,3
3904,3
3905,
3906,
3907,5
3908,2
3909,1
3910,2
3911,
3912,2
3913,7
3914,2
3915,3
3916,6
3917,
3918,2
3919,
3920,7
3921,
3922,2
3923,1
3924,3
3925,
3926,
3927,3
3928,2
3929,1
3930,2
3931,6
3932,2
3933,2
3934,
3935,2
3936,2
3937,
3938,
3939,4
3940,2
3941,
3942,
3943,1
3944,2
3945,
3946,
3947,1
3948,3
3949,2
3950,
3951,
3952,1
3953,2
3954,1
3955,2
3956,3
3957,4
3958,4
3959,1
3960,
3961,
3962,7
3963,
3964,
3965,3
3966,1
3967,6
3968,2
3969,1
3970,6
3971,
3972,2
3973,
3974,
3975,3
3976,2
3977,
3978,
3979,2
3980,
3981,1
3982,
3983,
3984,
3985,
3986,2
3987,2
3988,
3989,2
3990,2
3991,2
3992,2
3993,3
3994,3
3995,
3996,
3997,3
3998,2
3999,1
4000,2
4001,
4002,2
4003,3
4004,
4005,
4006,
4007,3
4008,
4009,
4010,
4011,2
4012,
4013,3
4014,6
4015,2
4016,7
4017,2
4018,5
4019,2
4020,
4021,
4022,1
4023,2
4024,
4025,
4026,
4027,
4028,
4029,3
4030,
4031,
4032,
4033,
4034,
4035,
4036,
4037,
4038,
4039,
4040,
4041,
4042,2
4043,
4044,
4045,
4046,6
4047,
4048,7
4049,
4050,5
4051,6
4052,
4053,
4054,1
4055,7
4056,5
4058,
4059,
4060,1
4061,7
4062,
4063,
4064,3
4065,
4066,
4067,
4068,4
4069,
4070,
4071,7
4072,
4073,2
4074,
4075,
4076,
4077,4
4078,
4079,
4080,
4081,
4083,
4084,6
4085,
4086,1
4087,5
4088,
4089,2
4090,7
4091,3
4092,
4093,
4094,5
4095,
4096,
4097,
4098,
4099,2
4100,
4101,
4102,
4103,5
4104,2
4105,
4106,2
4107,6
4108,
4109,
4110,
4111,
4112,
4113,1
4114,
4115,
4116,5
4117,
4118,
4119,
4120,7
4121,7
4122,6
4123,
4124,7
4125,3
4126,
4127,7
4128,
4129,
4130,
4131,
4132,7
4133,
4134,7
4135,
4136,5
4137,
4138,
4139,
4140,
4141,
4142,5
4143,
4144,
4145,
4146,
4147,
4148,
4149,2
4150,
4151,
4152,7
4153,
4154,3
4155,3
4156,
4157,
4158,
4159,1
4160,
4161,
4162,
4163,3
4164,
4165,
4166,
4167,
4168,
4169,7
4170,
4171,3
4172,7
4173,5
4174,1
4175,3
4176,7
4177,
4178,
4179,
4180,
4181,
4182,7
4183,4
4184,
4185,
4186,
4187,5
4188,
4189,
4190,
4191,
4192,
4193,
4194,
4195,
4196,3
4197,
4198,
4199,
4200,
4201,
4202,7
4203,5
4204,
4205,
4206,
4207,3
4208,
4209,
4210,
4211,
4212,5
4213,6
4214,
4215,
4216,
4217,
4218,
4219,
4220,
4221,
4222,1
4223,
4224,
4225,
4226,
4227,
4228,
4229,7
4230,7
4231,1
4232,
4233,
4234,
4235,7
4236,
4237,6
4238,1
4239,
4240,
4241,
4242,
4243,3
4244,7
4245,7
4246,
4247,
4248,5
4249,
4250,5
4251,
4252,
4253,
4254,5
4255,1
4256,
4257,1
4258,
4259,
4260,
4261,
4262,
4263,
4264,
4265,6
4266,
4267,
4268,
4269,6
4270,
4271,
4272,
4273,
4274,
4275,
4276,
4277,
4278,5
4279,5
4280,3
4281,
4283,
4284,3
4285,
4286,7
4287,
4288,
4289,
4290,
4291,
4292,
4293,
4294,5
4295,
4296,
4297,
4298,
4299,
4300,
4301,
4302,
4303,
4304,
4305,7
4306,
4307,
4308,
4309,
4310,
4311,
4312,
4313,
4314,3
4315,3
4316,
4317,
4318,
4319,
4320,
4321,
4322,
4323,
4324,
4325,
4326,
4327,
4328,3
4329,
4330,
4331,
4332,
4333,
4334,
4335,
4336,
4337,3
4338,6
4339,
4340,
4341,5
4342,
4343,
4344,3
4345,
4346,
4347,
4348,
4349,1
4350,5
4351,1
4352,
4353,5
4354,
4355,6
4356,
4357,
4358,1
4359,
4360,
4361,7
4362,
4363,
4364,
4365,
4366,6
4367,
4368,
4369,
4370,
4371,
4372,5
4373,
4374,5
4375,
4376,
4377,
4378,
4379,
4380,3
4381,
4382,
4383,
4384,
4385,
4386,3
4388,
4389,
4390,
4391,
4392,
4393,
4394,
4395,
4396,2
4397,
4398,
4399,
4400,
4401,5
4402,
4403,
4404,
4405,3
4406,
4407,
4408,
4409,
4410,
4411,
4412,
4413,
4414,
4415,
4416,
4417,
4418,
4419,
4420,1
4421,
4422,
4423,
4424,
4425,
4426,6
4427,
4428,3
4429,
4430,
4431,
4432,
4433,
4434,
4435,
4436,7
4437,
4438,
4439,4
4440,
4441,
4442,1
4443,7
4444,
4445,
4446,2
4449,
4450,
4451,
4452,5
4453,
4454,6
4455,
4456,
4457,
4458,
4459,
4460,5
4461,5
4462,
4463,
4464,
4465,
4466,
4467,7
4468,
4469,
4470,
4471,
4472,
4473,
4474,
4475,2
4476,
4477,
4478,
4479,
4480,
4481,5
4482,7
4484,1
4485,4
4486,
4487,
4488,
4489,
4490,
4491,
4492,2
4493,
4494,4
4495,1
4496,
4497,6
4498,3
4499,1
4500,6
4501,
4502,
4503,2
4504,2
4505,2
4506,7
4507,
4508,5
4509,
4510,2
4511,
4512,5
4513,
4514,3
4515,4
4516,5
4517,3
4518,5
4519,5
4520,6
4521,6
4522,2
4523,6
4524,1
4525,3
4526,2
4527,2
4528,3
4529,5
4530,6
4531,5
4532,6
4533,3
4534,1
4535,2
4536,
4537,
4538,5
4539,5
4540,
4541,5
4542,4
4543,6
4544,3
4545,2
4546,3
4547,5
4548,2
4549,1
4550,3
4551,5
4552,1
4553,
4554,
4555,6
4556,4
4557,1
4558,
4559,
4560,
4561,
4562,6
4563,
4564,7
4565,2
4566,
4567,
4568,
4569,5
4570,7
4571,
4572,4
4573,7
4574,7
4575,
4576,
4577,2
4578,7
4579,1
4580,
4581,
4582,
4583,2
4584,7
4585,1
4586,5
4587,
4588,
4589,
4590,7
4591,
4592,2
4593,
4594,
4595,1
4596,2
4597,
4598,6
4599,
4600,
4601,
4602,
4603,
4604,
4605,
4606,
4607,
4608,1
4609,7
4610,
4611,2
4612,
4613,
4614,
4615,
4616,
4617,
4618,
4619,
4620,
4621,5
4622,
4623,
4624,2
4625,3
4626,
4627,2
4628,
4629,
4630,2
4631,4
4632,
4633,
4634,
4635,
4636,
4637,6
4638,
4639,2
4640,4
4641,
4642,
4643,
4644,
4645,
4646,
4647,1
4648,6
4649,1
4650,1
4651,1
4652,
4653,1
4654,1
4655,
4656,
4657,
4658,
4659,
4660,1
4661,
4662,2
4663,7
4664,5
4665,7
4666,
4667,1
4668,7
4669,
4670,1
4671,
4672,
4673,1
4674,6
4675,
4676,1
4677,1
4678,
4679,2
4680,5
4681,
4682,2
4683,5
4684,6
4685,2
4686,2
4687,
4688,2
4689,1
4690,3
4691,
4692,
4693,1
4694,3
4695,1
4696,2
4697,7
4698,2
4699,3
4700,3
4701,3
4702,7
4703,2
4704,
4705,1
4706,5
4707,
4708,
4709,
4710,7
4711,2
4712,2
4713,
4714,
4715,6
4716,
4717,7
4718,
4719,3
4720,3
4721,2
4722,3
4723,
4724,3
4725,1
4726,3
4727,7
4728,
4729,
4730,
4731,2
4732,
4733,
4734,1
4735,7
4736,7
4737,1
4738,
4739,1
4740,
4741,4
4742,3
4743,3
4744,3
4745,
4746,
4747,
4748,
4749,
4750,
4751,3
4752,
4753,
4754,
4755,7
4756,3
4757,2
4758,
4759,
4760,3
4761,
4762,4
4763,4
4764,
4765,
4766,3
4767,
4768,6
4769,
4770,
4771,
4772,1
4773,3
4774,3
4775,3
4776,7
4777,6
4778,
4779,
4780,3
4781,3
4782,
4783,
4784,
4785,2
4786,2
4787,2
4788,1
4789,4
4790,
4791,2
4792,6
4793,
4794,
4795,
4796,3
4797,
4798,2
4799,
4800,6
4801,
4802,2
4803,2
4804,
4805,3
4806,
4807,4
4808,
4809,2
4810,2
4811,5
4812,3
4813,
4814,
4815,
4816,3
4817,2
4818,3
4819,2
4820,2
4821,
4822,2
4823,6
4824,7
4825,
4826,7
4827,5
4828,2
4829,2
4830,
4831,3
4832,2
4833,3
4834,3
4835,3
4836,2
4837,3
4838,2
4839,
4840,2
4841,1
4842,5
4843,1
4844,
4845,1
4846,
4847,
4848,2
4849,1
4850,
4851,7
4852,
4853,4
4854,
4855,7
4856,
4857,7
4858,1
4859,
4860,
4861,5
4862,4
4863,4
4864,5
4865,2
4866,5
4867,1
4868,3
4869,2
4870,
4871,4
4872,4
4873,4
4874,
4875,3
4876,
4877,
4878,3
4879,
4880,2
4881,2
4882,2
4884,1
4885,
4886,3
4887,2
4888,1
4889,4
4890,1
4891,3
4892,1
4894,5
4895,
4896,7
4897,
4898,2
4899,1
4900,3
4901,
4902,6
4903,1
4904,2
4905,2
4906,5
4907,
4908,
4909,1
4910,3
4911,7
4912,2
4913,2
4914,7
4915,2
4916,
4917,
4918,
4919,
4920,
4921,
4922,
4923,
4924,
4925,
4926,
4927,
4928,
4929,
4930,
4931,
4932,
4933,
4934,
4935,2
4936,1
4937,
4938,2
4939,2
4940,
4941,
4942,1
4943,
4944,3
4945,1
4946,5
4947,
4948,5
4949,
4950,1
4951,1
4952,
4953,7
4954,2
4955,2
4956,5
4957,2
4958,
4959,2
4960,5
4961,
4962,6
4963,1
4964,2
4965,3
4966,5
4967,
4968,5
4969,2
4970,1
4971,
4972,4
4973,7
4974,2
4975,1
4976,6
4977,
4978,
4979,
4980,
4981,
4982,
4983,1
4984,
4985,
4986,
4987,
4988,1
4989,2
4990,3
4991,
4992,4
4993,
4994,3
4995,
4996,7
4997,
4998,1
4999,
5000,2
5001,
5002,
5003,2
5004,
5005,
5006,
5007,2
5008,
5009,2
5010,
5011,1
5012,1
5013,1
5014,1
5015,1
5016,1
5017,1
5018,5
5019,
5020,1
5021,
5022,1
5023,3
5024,4
5025,
5026,5
5027,1
5028,
5029,
5030,
5031,
5032,
5033,1
5034,
5035,6
5036,5
5037,5
5038,5
5039,5
5040,5
5041,5
5042,3
5043,5
5044,
5045,5
5046,5
5047,5
5048,1
5049,
5050,5
5051,5
5052,5
5053,
5054,5
5055,2
5056,4
5057,5
5058,
5059,1
5060,1
5061,5
5062,
5063,
5064,5
5065,3
5066,2
5067,
5068,2
5069,4
5070,2
5071,
5072,2
5073,1
5074,5
5075,4
5076,2
5077,5
5078,2
5079,5
5080,1
5081,3
5082,2
5083,7
5084,7
5085,5
5086,1
5087,
5088,
5089,2
5090,
5092,
5093,
5094,
5095,
5096,
5097,
5098,
5099,
5100,
5101,
5102,
5103,
5104,
5105,
5106,3
5107,
5108,
5109,
5110,
5111,
5112,2
5113,
5114,
5115,
5116,
5117,
5118,7
5119,7
5120,5
5121,5
5122,
5123,3
5124,
5125,
5126,
5127,7
5128,7
5129,6
5130,2
5131,
5132,2
5133,
5134,
5135,
5136,
5137,
5138,3
5139,7
5140,
5141,7
5142,1
5143,2
5144,2
5145,2
5146,5
5147,5
5148,2
5149,
5150,
5151,
5152,
5153,
5154,1
5155,7
5156,
5157,1
5158,
5159,5
5160,
5161,
5162,
5163,7
5164,
5165,
5166,4
5167,
5168,
5169,5
5170,
5171,3
5172,
5173,7
5174,
5175,6
5176,
5177,2
5178,6
5179,
5180,1
5181,3
5182,
5183,2
5184,7
5185,3
5186,3
5187,
5188,
5189,5
5190,
5191,5
5192,7
5193,1
5194,2
5195,1
5196,2
5197,5
5198,2
5199,2
5200,7
5201,
5202,2
5203,2
5204,2
5205,2
5206,2
5207,6
5208,2
5209,4
5210,2
5211,3
5212,
5213,4
5214,5
5215,
5216,
5217,2
5218,
5219,5
5220,2
5221,3
5222,6
5223,5
5224,2
5225,5
5226,3
5227,
5228,
5229,7
5230,7
5231,4
5232,5
5233,5
5234,1
5235,
5236,2
5237,
5238,
5239,
5240,7
5241,5
5242,
5243,3
5244,5
5245,6
5246,
5247,
5248,4
5249,6
5250,
5253,4
5254,
5255,3
5256,1
5257,
5258,1
5259,
5260,5
5261,
5262,
5263,5
5264,2
5265,
5266,2
5267,6
5268,5
5269,2
5270,
5271,4
5272,
5273,2
5274,
5275,
5276,
5277,
5278,8
5279,
5280,2
5282,
5283,2
5284,
5285,2
5286,3
5287,2
5288,3
5289,
5290,
5291,2
5292,6
5293,5
5294,
5295,2
5296,3
5297,3
5298,
5299,
5300,1
5301,2
5302,1
5303,7
5304,
5305,5
5306,5
5307,
5308,5
5309,6
5310,
5311,
5312,1
5313,
5314,
5315,5
5316,
5317,3
5318,2
5319,
5320,7
5321,
5322,2
5323,5
5324,
5325,
5326,5
5327,
5328,
5329,7
5330,2
5331,2
5332,2
5333,3
5334,4
5335,3
5336,1
5337,
5338,
5339,
5340,5
5341,5
5342,1
5343,
5344,
5345,5
5346,4
5347,
5348,5
5349,2
5350,
5351,
5352,5
5353,3
5354,3
5355,
5356,1
5357,
5358,2
5362,
5364,1
5365,
5366,1
5367,5
5368,2
5369,2
5371,
5372,2
5373,
5374,1
5375,
5376,1
5377,2
5378,
5379,
5381,2
5382,2
5383,2
5384,
5385,2
5386,2
5387,2
5388,
5389,
5390,1
5391,
5392,
5393,1
5394,1
5395,2
5396,
5397,3
5398,3
5399,3
5400,3
5401,4
5402,
5403,1
5404,3
5405,
5406,
5407,
5408,6
5409,
5410,
5411,3
5412,6
5413,
5414,
5415,5
5416,2
5417,3
5418,3
5419,
5420,3
5421,2
5422,5
5423,2
5424,2
5425,7
5426,
5427,3
5428,5
5429,6
5430,
5431,
5432,
5433,1
5434,1
5435,
5436,7
5437,3
5438,
5439,7
5440,
5441,
5442,3
5443,3
5444,4
5445,2
5446,1
5447,
5448,
5449,
5450,
5451,
5452,4
5453,
5454,6
5455,
5456,
5457,
5458,5
5459,
5460,
5461,7
5462,
5463,5
5464,
5465,1
5466,
5467,
5468,
5469,5
5470,
5471,2
5472,
5473,
5474,
5475,
5476,
5477,1
5478,
5479,7
5480,5
5481,5
5482,
5483,7
5484,
5485,7
5486,
5487,6
5488,1
5489,
5490,2
5491,
5492,6
5493,5
5494,
5495,1
5496,
5497,
5498,1
5499,
5500,5
5501,5
5502,1
5503,
5505,
5506,
5507,4
5508,7
5509,7
5510,
5511,3
5512,
5513,1
5514,2
5515,
5516,
5517,2
5518,
5519,1
5520,7
5521,2
5522,3
5523,3
5524,
5525,2
5526,5
5527,
5528,
5529,
5530,2
5531,
5532,3
5533,5
5534,3
5535,
5536,3
5537,
5538,5
5539,
5540,
5541,
5542,
5543,1
5544,6
5545,7
5546,4
5547,5
5548,
5549,5
5550,
5551,7
5552,
5553,7
5554,7
5555,
5556,2
5557,1
5558,7
5559,
5560,
5561,
5562,
5563,7
5564,2
5565,7
5566,1
5567,6
5568,
5569,1
5570,7
5571,
5572,
5573,7
5574,
5575,7
5576,3
5577,3
5578,
5579,1
5580,5
5581,
5582,1
5583,2
5584,
5585,
5586,
5587,7
5588,
5589,
5590,
5591,
5592,
5593,5
5594,3
5595,3
5596,2
5597,3
5598,3
5599,2
5600,
5601,
5602,5
5603,
5604,
5605,7
5607,
5608,7
5609,7
5610,2
5611,4
5612,5
5613,
5614,1
5615,1
5616,1
5617,
5618,3
5619,7
5620,
5621,
5622,3
5623,1
5624,1
5625,5
5626,1
5627,
5628,1
5629,2
5630,1
5631,3
5634,3
5635,7
5636,
5637,
5638,
5639,
5640,
5641,
5642,
5643,
5644,5
5645,
5646,
5647,
5648,
5649,
5650,3
5651,
5652,3
5653,
5654,2
5655,6
5656,
5657,1
5658,7
5659,
5660,4
5661,2
5662,
5663,
5664,
5665,
5666,5
5667,5
5668,4
5669,
5670,
5671,6
5672,7
5673,
5674,6
5675,
5676,
5677,
5678,7
5679,
5680,7
5681,
5682,
5683,2
5684,1
5685,3
5686,
5687,4
5688,7
5689,5
5690,2
5691,
5692,
5693,
5694,2
5696,2
5697,2
5698,3
5699,2
5700,5
5701,
5702,
5703,
5704,4
5705,5
5706,2
5707,1
5708,
5709,
5710,
5711,3
5712,
5714,
5715,3
5716,
5717,
5718,5
5719,3
5720,
5721,3
5722,
5723,
5724,
5725,3
5726,
5728,4
5729,
5730,
5731,
5733,
5734,5
5735,4
5736,
5737,
5738,
5739,5
5740,5
5741,7
5742,
5743,4
5744,
5745,1
5746,
5747,4
5748,5
5749,4
5750,3
5751,5
5752,3
5753,
5754,1
5755,2
5756,
5757,7
5758,5
5759,
5760,
5761,
5762,
5763,5
5764,1
5765,7
5766,
5767,
5768,
5769,4
5770,
5771,
5772,
5773,
5774,
5775,4
5776,5
5777,
5778,5
5779,
5780,2
5781,
5782,
5783,4
5784,4
5785,4
5786,3
5787,4
5788,
5789,
5790,
5791,4
5792,
5793,4
5794,4
5795,
5796,4
5797,4
5798,
5799,4
5800,5
5801,
5802,
5803,
5804,1
5805,4
5806,
5807,3
5808,
5809,1
5810,
5811,
5812,7
5813,3
5814,
5815,
5816,2
5817,
5818,5
5819,
5820,
5821,2
5822,5
5823,7
5824,1
5825,
5827,2
5828,7
5829,
5830,
5831,
5832,4
5833,
5834,7
5835,
5836,7
5837,7
5838,
5839,
5840,
5841,
5842,4
5843,1
5844,
5845,
5846,5
5847,
5848,
5849,
5850,
5851,1
5852,1
5853,
5854,2
5855,1
5856,1
5857,1
5858,1
5859,1
5860,1
5861,1
5862,1
5863,1
5864,
5865,
5866,7
5867,3
5868,2
5869,7
5870,1
5871,
5872,2
5873,3
5874,
5875,
5876,
5877,4
5878,
5879,
5880,
5881,
5882,
5883,7
5884,
5885,
5886,3
5887,2
5888,5
5889,2
5890,3
5891,
5892,7
5893,
5894,
5895,3
5896,
5897,1
5898,
5899,
5900,
5901,3
5902,3
5903,
5904,5
5905,
5906,
5907,7
5908,
5909,
5910,7
5911,7
5912,7
5913,7
5914,7
5915,1
5916,7
5917,7
5918,7
5919,7
5920,7
5921,7
5922,7
5923,7
5924,
5925,7
5926,7
5927,7
5928,7
5929,
5930,7
5931,7
5932,7
5933,
5934,7
5935,7
5936,7
5937,7
5938,
5939,
5940,7
5941,5
5942,
5943,7
5944,7
5945,7
5946,7
5947,7
5948,5
5949,5
5950,5
5951,
5952,
5953,
5954,7
5955,7
5956,7
5957,
5958,6
5959,7
5960,2
5961,7
5962,7
5963,7
5964,
5968,
5969,6
5970,
5971,
5972,7
5973,
5974,
5975,7
5976,
5977,7
5978,7
5979,
5980,
5981,7
5982,
5983,
5984,7
5985,
5986,3
5987,5
5988,5
5989,
5990,
5991,1
5992,
5993,7
5994,2
5995,1
5996,6
5997,6
5998,
5999,7
6000,
6001,1
6002,2
6003,
6004,
6005,
6006,6
6007,
6008,
6009,7
6010,
6011,7
6012,
6013,
6014,7
6015,
6016,
6017,1
6018,
6019,
6020,2
6021,5
6022,5
6023,1
6024,
6025,2
6026,1
6027,5
6028,5
6029,2
6030,
6031,2
6032,
6033,2
6034,
6035,2
6036,
6037,5
6038,
6039,5
6040,
6041,
6042,1
6043,
6044,1
6045,
6046,
6047,7
6048,4
6049,
6050,
6051,3
6052,3
6053,1
6054,
6056,5
6057,
6058,6
6059,2
6060,
6061,
6062,7
6063,
6064,
6065,6
6066,
6067,
6068,
6069,
6070,7
6071,
6072,6
6073,5
6074,7
6075,1
6076,
6077,
6078,5
6079,
6080,
6081,
6082,
6083,2
6084,
6085,
6086,1
6087,7
6088,2
6089,4
6090,
6091,
6092,7
6093,2
6094,1
6095,1
6096,3
6097,6
6098,
6099,
6100,
6101,
6102,
6103,
6104,
6105,1
6106,2
6107,3
6108,7
6109,7
6110,
6111,
6112,1
6113,6
6114,
6115,4
6116,1
6117,
6118,
6119,
6120,6
6121,
6122,
6123,
6124,
6125,1
6126,5
6127,2
6128,7
6129,3
6130,
6131,
6132,
6133,
6134,5
6135,2
6136,
6137,7
6138,
6139,
6140,
6141,
6142,
6143,
6144,5
6145,
6146,
6148,
6149,
6150,1
6151,3
6152,4
6153,6
6154,
6155,7
6156,7
6157,7
6158,1
6159,
6160,7
6161,5
6162,
6163,7
6164,7
6165,
6166,2
6167,5
6168,
6169,7
6170,6
6171,
6172,3
6173,
6174,
6175,1
6176,2
6177,5
6178,3
6179,1
6180,3
6181,7
6182,5
6183,
6184,
6185,
6186,
6187,
6188,
6189,
6190,3
6191,5
6192,2
6193,
6194,
6195,7
6196,1
6197,1
6198,5
6199,
6200,2
6201,
6202,3
6203,5
6204,2
6205,
6206,3
6207,
6208,
6209,3
6210,
6211,
6212,2
6213,
6214,1
6215,
6216,7
6217,2
6218,1
6219,2
6220,
6221,
6222,7
6223,7
6224,
6225,5
6226,1
6227,3
6228,2
6229,
6230,1
6231,
6232,1
6233,
6234,7
6235,
6236,7
6237,
6238,
6239,
6240,
6241,1
6242,
6243,
6244,
6245,
6246,
6247,1
6248,
6249,1
6250,5
6251,7
6252,3
6253,3
6254,3
6255,3
6256,1
6257,3
6258,3
6259,3
6260,
6261,3
6262,4
6263,2
6264,3
6265,
6266,
6267,1
6268,
6269,2
6270,
6271,
6272,5
6273,
6274,2
6275,
6276,
6277,4
6278,
6279,2
6280,4
6281,2
6282,3
6283,2
6284,5
6285,3
6286,
6287,7
6288,
6289,4
6290,7
6291,
6292,7
6293,
6294,5
6295,7
6296,1
6297,
6298,7
6299,3
6300,1
6301,4
6302,2
6303,7
6304,7
6305,3
6306,
6307,4
6308,
6309,1
6310,
6311,
6312,1
6313,4
6314,
6315,5
6316,6
6317,1
6318,
6319,7
6320,
6321,
6322,
6323,5
6324,4
6325,5
6326,
6327,3
6328,
6329,
6330,
6331,1
6332,
6333,7
6334,2
6335,
6336,
6337,
6338,
6339,2
6340,6
6341,
6342,2
6343,
6344,2
6345,3
6346,
6347,3
6348,
6349,
6350,4
6351,2
6352,1
6353,
6354,3
6355,
6356,
6357,
6358,
6359,1
6360,
6361,6
6362,7
6363,6
6364,3
6365,1
6366,
6367,5
6368,5
6369,1
6370,4
6371,6
6372,
6373,
6374,
6375,
6376,3
6377,6
6378,3
6379,1
6380,
6381,7
6382,1
6383,6
6384,3
6385,
6386,5
6387,2
6388,
6389,
6390,2
6391,3
6392,6
6393,7
6394,3
6395,
6396,1
6397,4
6398,1
6399,
6400,
6401,3
6402,
6403,
6404,3
6405,
6406,3
6407,3
6408,2
6409,3
6410,1
6411,3
6412,3
6413,
6414,7
6415,
6416,
6417,
6418,5
6419,1
6420,
6421,
6422,
6423,
6424,2
6425,2
6426,2
6427,2
6428,3
6429,
6430,1
6431,6
6432,
6433,3
6434,
6435,7
6436,5
6437,2
6438,
6439,6
6440,3
6441,6
6442,7
6443,7
6444,7
6445,3
6446,3
6447,1
6448,3
6449,1
6450,
6451,
6452,
6453,1
6454,
6455,
6456,6
6457,
6458,1
6459,
6460,
6461,1
6462,5
6463,
6464,7
6465,5
6466,
6467,1
6468,
6469,
6470,
6471,1
6472,
6473,
6474,
6475,
6476,
6477,
6478,1
6479,7
6480,6
6481,
6482,
6483,
6484,1
6485,
6486,
6487,
6488,
6489,
6490,
6491,
6492,
6493,2
6494,7
6495,
6496,1
6497,5
6498,1
6499,1
6500,6
6501,
6502,2
6503,
6504,
6505,1
6506,4
6508,
6509,3
6510,
6511,1
6512,1
6513,1
6514,1
6515,7
6516,
6517,1
6518,
6519,
6520,
6521,
6522,1
6523,
6524,5
6525,
6526,1
6527,
6528,
6529,3
6530,
6531,
6532,7
6533,4
6534,5
6535,2
6536,1
6537,
6538,5
6539,4
6540,2
6541,2
6542,
6543,
6544,
6545,
6546,7
6547,
6548,
6549,
6550,1
6551,1
6552,4
6553,
6554,7
6555,4
6556,
6557,3
6558,3
6559,7
6560,2
6561,3
6562,1
6563,1
6564,
6565,7
6566,1
6567,1
6568,
6569,
6570,4
6571,
6572,
6573,1
6574,
6575,
6576,
6577,3
6578,
6579,
6580,
6581,
6582,7
6583,
6584,1
6585,
6586,1
6587,3
6588,
6589,4
6590,
6591,
6592,
6593,
6594,
6595,
6596,1
6597,
6598,
6599,
6600,
6601,
6602,
6603,
6604,
6605,
6606,
6607,
6608,
6609,
6610,
6611,
6612,
6613,
6614,1
6615,3
6616,
6617,1
6618,
6619,
6620,
6621,
6622,
6623,5
6624,
6625,
6626,1
6627,
6628,
6629,
6630,
6631,
6632,
6633,5
6634,2
6635,2
6636,1
6637,
6638,7
6639,
6640,5
6641,5
6642,
6643,
6644,
6645,6
6646,
6647,7
6648,7
6649,
6650,5
6651,
6652,
6653,
6654,
6655,5
6656,
6657,
6658,2
6659,7
6660,
6661,6
6662,6
6663,
6664,5
6665,
6666,
6667,7
6668,
6669,6
6670,
6671,7
6672,
6673,
6674,5
6675,
6676,
6677,
6678,
6679,
6680,
6681,1
6682,5
6683,
6684,
6685,4
6687,
6688,7
6689,2
6690,
6691,5
6692,7
6693,5
6694,
6695,
6696,
6697,
6698,4
6699,7
6700,
6701,6
6702,
6703,7
6704,7
6705,
6706,
6707,
6708,5
6709,
6710,3
6711,
6712,
6713,
6714,
6715,1
6716,2
6717,
6718,2
6719,5
6720,5
6721,
6722,4
6723,4
6724,1
6725,5
6726,2
6727,2
6728,7
6729,
6730,
6731,7
6732,7
6733,7
6734,7
6735,1
6736,1
6737,1
6738,7
6739,7
6740,7
6741,2
6742,2
6743,2
6744,7
6745,7
6746,7
6747,5
6748,4
6749,7
6750,2
6751,
6752,5
6753,
6754,7
6755,4
6756,5
6757,
6758,
6759,7
6760,
6761,3
6762,
6763,3
6764,3
6765,4
6766,
6767,
6768,2
6769,3
6770,7
6771,3
6772,3
6773,3
6774,2
6775,2
6776,4
6777,3
6778,2
6779,3
6780,5
6781,3
6782,7
6783,3
6784,
6785,
6786,6
6787,
6788,3
6789,
6790,
6791,3
6792,5
6793,
6794,7
6795,
6796,4
6797,2
6798,4
6799,5
6800,2
6801,
6802,2
6803,4
6804,
6805,5
6806,
6807,
6808,
6809,7
6810,5
6811,7
6812,7
6813,
6814,5
6815,5
6816,5
6817,4
6818,7
6819,5
6820,2
6821,1
6822,2
6823,4
6824,4
6825,
6826,3
6827,2
6828,3
6829,
6830,
6831,2
6832,2
6833,3
6834,1
6835,5
6836,7
6837,
6838,7
6839,2
6840,
6841,2
6842,4
6843,1
6844,7
6845,
6846,
6847,3
6848,
6850,7
6851,
6852,7
6853,7
6854,
6855,
6856,5
6857,2
6858,1
6859,2
6860,2
6861,3
6862,3
6863,
6864,4
6865,2
6866,2
6867,2
6868,6
6869,7
6870,7
6871,
6872,6
6873,2
6874,1
6875,
6876,
6877,3
6878,7
6879,
6880,3
6881,
6882,
6883,
6884,5
6885,2
6886,3
6887,4
6888,2
6889,7
6890,7
6891,7
6892,
6893,
6894,
6895,
6896,6
6897,2
6898,
6899,
6900,7
6901,4
6902,7
6903,7
6904,7
6905,5
6906,7
6907,7
6908,
6909,7
6910,3
6911,3
6912,3
6913,
6914,3
6915,
6916,
6918,
6919,7
6920,3
6921,3
6922,7
6923,7
6924,
6925,7
6926,
6927,1
6928,4
6929,
6930,3
6931,5
6932,
6933,3
6934,2
6935,
6936,3
6937,4
6938,
6939,7
6940,1
6941,
6942,5
6943,
6944,3
6945,
6946,6
6947,1
6948,
6949,
6950,4
6951,2
6952,6
6953,6
6954,2
6955,
6956,3
6957,2
6958,2
6959,
6960,
6961,2
6962,2
6963,
6964,2
6965,7
6966,2
6967,2
6968,2
6969,2
6970,2
6971,2
6972,5
6973,
6974,
6975,
6976,
6977,2
6978,5
6979,5
6980,2
6981,
6982,2
6983,
6984,
6985,5
6986,4
6987,
6988,6
6989,4
6990,4
6991,
6992,4
6993,5
6994,
6995,7
6996,
6998,
6999,
7000,
7001,2
7002,6
7003,5
7004,
7005,3
7006,
7007,2
7008,6
7009,7
7010,7
7011,3
7012,1
7013,1
7014,1
7015,
7016,2
7017,2
7018,2
7019,6
7020,5
7021,
7022,
7023,5
7024,4
7025,
7026,
7027,
7029,7
7030,
7031,
7032,3
7033,
7034,
7035,
7036,4
7037,
7038,7
7039,4
7040,3
7041,3
7042,7
7043,3
7044,7
7045,5
7046,7
7047,7
7048,
7049,
7050,
7051,
7052,
7053,
7054,
7055,
7056,7
7057,1
7059,
7060,2
7061,
7062,2
7063,
7064,
7065,
7066,
7067,
7068,
7069,7
7070,
7071,
7072,
7073,3
7074,2
7076,
7077,6
7078,
7079,
7080,3
7081,1
7082,
7083,
7084,
7085,
7086,
7087,
7088,
7089,
7090,
7091,1
7092,
7093,1
7094,4
7095,6
7096,7
7097,2
7098,7
7099,
7100,1
7101,7
7102,4
7103,2
7104,2
7105,
7106,
7107,
7108,
7109,7
7110,2
7111,1
7112,2
7113,1
7115,
7116,
7117,
7118,6
7119,
7120,5
7121,4
7122,
7123,2
7124,
7125,1
7126,1
7127,
7128,2
7129,
7130,3
7131,2
7132,5
7133,2
7134,7
7135,4
7136,
7137,5
7138,2
7139,5
7140,1
7141,
7142,4
7143,4
7144,5
7145,6
7146,2
7147,4
7148,4
7149,
7150,
7151,5
7152,4
7153,7
7154,7
7155,5
7156,5
7157,4
7158,
7159,
7160,
7161,7
7162,
7163,5
7164,
7165,
7166,
7167,3
7168,
7169,
7170,
7171,7
7172,5
7173,
7174,2
7175,
7176,
7177,6
7178,
7179,2
7180,
7181,
7182,7
7183,1
7184,
7185,3
7186,3
7187,4
7188,6
7189,
7190,
7191,3
7192,3
7193,5
7194,2
7195,2
7196,
7197,7
7198,
7199,
7200,3
7201,
7202,
7203,7
7204,3
7205,5
7206,
7207,2
7208,
7209,7
7210,
7211,7
7212,
7213,7
7214,
7215,
7216,
7217,5
7218,
7219,1
7220,
7221,
7222,6
7223,3
7224,7
7225,3
7226,1
7227,1
7228,
7229,
7230,
7231,
7232,5
7233,
7234,
7235,
7236,
7237,2
7238,5
7239,5
7240,
7241,2
7242,5
7243,
7244,3
7245,
7246,
7247,
7248,4
7249,
7250,2
7251,
7252,3
7253,
7254,
7255,3
7256,2
7257,
7258,2
7259,2
7260,5
7261,
7262,
7263,3
7264,5
7265,
7266,
7267,2
7268,
7269,
7270,
7271,
7272,2
7273,3
7274,4
7275,4
7276,7
7277,7
7278,
7279,
7280,5
7281,
7282,
7283,5
7284,
7285,
7286,7
7287,7
7288,3
7289,7
7290,7
7291,
7292,
7293,3
7294,7
7295,2
7296,
7297,
7298,2
7299,
7300,
7301,7
7302,
7303,
7304,7
7305,2
7306,1
7307,2
7308,7
7309,7
7310,7
7311,5
7312,5
7313,
7314,
7315,
7316,5
7317,5
7318,
7319,
7320,7
7321,1
7322,2
7323,
7324,3
7325,
7326,7
7327,7
7328,
7329,
7330,5
7331,4
7332,7
7333,
7334,
7335,5
7336,
7337,
7338,
7339,1
7340,
7341,3
7342,1
7343,
7344,
7345,
7346,
7347,
7348,7
7349,
7350,2
7351,
7352,5
7353,
7354,4
7355,
7356,2
7357,
7358,
7359,
7360,1
7361,
7362,
7363,3
7364,1
7365,
7366,7
7367,7
7368,
7369,
7370,1
7371,
7372,
7373,
7374,5
7375,7
7376,6
7377,2
7378,
7379,
7380,4
7381,5
7382,7
7383,5
7384,
7385,5
7386,7
7387,
7388,6
7389,6
7390,6
7391,3
7392,
7393,4
7394,
7395,1
7396,6
7397,2
7398,
7399,7
7400,5
7401,2
7402,2
7403,7
7404,7
7405,
7406,1
7407,7
7408,7
7409,2
7410,2
7411,1
7412,4
7413,
7414,
7415,
7416,5
7417,
7418,
7419,
7420,7
7421,1
7422,
7423,4
7424,
7425,
7426,
7427,
7428,
7429,
7430,
7431,
7432,
7433,
7434,
7435,
7436,
7437,3
7438,
7439,
7440,
7441,
7442,
7443,3
7444,
7445,5
7446,5
7447,5
7448,
7449,3
7450,
7451,6
7452,2
7453,
7454,
7455,
7456,
7457,
7458,2
7459,5
7460,3
7461,2
7462,7
7463,
7464,
7465,
7466,
7467,1
7468,2
7469,
7470,2
7471,4
7472,
7473,
7474,6
7475,3
7476,7
7477,2
7478,
7479,
7480,4
7481,6
7482,1
7483,2
7484,1
7485,6
7486,3
7487,
7488,1
7489,4
7490,
7491,
7492,1
7493,2
7494,5
7495,5
7496,
7497,5
7498,
7499,6
7500,5
7501,
7502,
7503,2
7504,7
7505,7
7506,1
7507,1
7508,7
7509,
7510,6
7511,6
7512,1
7513,6
7514,5
7515,
7516,6
7517,4
7518,5
7519,6
7520,6
7521,6
7522,6
7523,6
7524,5
7525,6
7526,6
7528,6
7529,7
7530,
7531,7
7532,6
7533,
7534,6
7535,6
7536,6
7537,7
7538,6
7539,5
7540,6
7541,6
7542,6
7543,6
7544,
7545,
7546,2
7547,6
7548,
7549,
7550,
7551,1
7552,1
7553,
7554,6
7555,
7556,
7557,1
7558,1
7559,
7560,
7561,
7562,1
7563,
7564,4
7565,
7566,
7567,
7568,
7569,
7570,
7571,
7572,3
7573,6
7574,
7575,1
7576,
7577,7
7578,
7579,5
7580,1
7581,
7582,5
7583,5
7584,
7585,5
7586,
7587,3
7588,2
7589,
7590,
7591,7
7592,2
7593,
7594,5
7595,7
7596,2
7597,7
7598,7
7599,7
7600,
7601,7
7602,3
7603,
7604,
7605,
7606,7
7607,3
7608,3
7609,
7610,1
7611,
7612,7
7613,7
7614,
7615,3
7616,8
7617,1
7618,1
7619,
7620,1
7621,6
7622,7
7623,4
7624,
7625,3
7626,
7627,
7628,1
7629,6
7630,
7631,
7632,1
7633,
7634,1
7635,4
7636,
7637,
7638,
7639,1
7640,
7641,
7642,
7643,3
7644,1
7645,7
7646,6
7647,7
7648,
7649,8
7650,
7651,1
7652,3
7654,
7655,
7656,
7657,
7658,
7659,
7660,
7661,
7662,6
7663,
7664,
7665,
7666,
7667,
7668,3
7669,
7670,
7671,
7672,7
7673,1
7674,
7675,
7676,1
7677,
7678,
7679,
7680,
7681,7
7682,
7683,
7684,
7685,
7686,
7687,6
7688,1
7689,7
7690,5
7691,5
7692,2
7693,1
7694,
7695,
7696,2
7697,6
7698,6
7699,5
7700,4
7701,
7702,
7703,1
7704,1
7705,
7706,5
7707,
7708,7
7709,
7710,
7711,
7712,
7713,
7714,
7715,
7716,
7718,
7719,
7720,6
7721,
7722,
7723,
7724,
7725,
7726,
7727,
7728,
7729,
7730,
7731,3
7732,3
7733,
7734,
7735,
7736,
7737,4
7738,5
7739,
7740,
7741,4
7742,7
7743,5
7744,
7745,
7746,3
7747,
7748,4
7749,7
7750,4
7751,
7752,3
7753,
7754,
7755,
7756,
7757,
7758,7
7759,2
7760,
7761,
7762,
7763,
7764,
7765,4
7766,4
7767,2
7768,
7769,
7770,
7771,6
7772,
7773,2
7774,2
7775,
7776,7
7777,3
7778,
7779,4
7780,2
7781,
7782,
7783,7
7784,
7785,
7786,
7787,
7788,
7789,
7790,7
7791,6
7792,6
7793,
7794,
7795,
7796,
7797,5
7798,6
7799,
7800,6
7801,
7802,
7803,
7804,
7805,
7806,
7807,
7808,
7809,
7810,
7811,
7812,5
7813,7
7814,
7815,
7816,5
7817,7
7818,
7819,7
7820,
7821,7
7822,
7823,5
7824,5
7825,
7826,1
7828,
7832,5
7833,4
7834,5
7835,4
7836,
7837,
7838,
7839,3
7840,
7842,
7845,
7846,
7847,
7848,
7849,
7850,
7851,
7852,5
7853,
7854,
7855,
7856,
7857,
7858,
7859,1
7860,
7861,
7862,2
7863,
7864,3
7865,1
7866,1
7867,1
7868,1
7869,1
7870,1
7871,1
7872,1
7873,1
7874,1
7875,1
7876,1
7877,
7878,1
7879,1
7880,1
7881,
7882,
7883,1
7884,
7885,1
7886,1
7887,
7888,4
7889,
7890,
7891,
7892,1
7893,5
7894,
7895,
7896,5
7897,
7898,
7899,1
7900,
7901,2
7902,1
7903,
7904,1
7905,
7906,5
7907,1
7908,5
7909,
7910,
7911,
7912,2
7913,1
7914,5
7915,
7916,
7917,
7918,
7919,1
7920,
7921,
7922,
7923,1
7924,
7925,
7926,
7927,1
7928,6
7929,1
7930,7
7931,
7932,
7933,
7934,
7935,
7936,1
7937,5
7938,6
7939,6
7940,4
7941,5
7942,1
7943,1
7944,1
7945,
7946,
7947,6
7948,1
7949,
7950,
7951,1
7952,
7953,
7954,5
7955,7
7956,3
7957,2
7958,
7959,2
7960,5
7961,
7962,1
7963,6
7964,7
7966,1
7967,5
7968,
7969,
7970,
7971,
7972,1
7973,3
7974,7
7975,
7976,
7977,
7978,6
7979,
7980,
7981,
7982,4
7983,
7984,1
7985,
7986,
7987,6
7988,2
7989,
7991,
7992,6
7993,4
7994,
7995,5
7996,
7997,2
7998,2
7999,
8000,
8001,
8002,
8003,1
8004,
8005,
8006,
8007,1
8008,6
8009,6
8010,
8011,
8012,
8013,3
8014,
8015,
8016,1
8017,
8018,
8019,
8020,3
8021,
8022,
8023,
8024,
8025,
8026,
8027,
8028,
8029,
8030,
8031,7
8032,7
8033,3
8034,4
8035,
8036,
8037,
8038,4
8039,
8040,7
8041,7
8042,2
8043,
8044,7
8045,
8046,
8047,
8048,4
8049,4
8050,7
8051,1
8052,
8053,
8054,
8055,
8056,
8057,4
8058,
8063,3
8064,
8065,
8066,
8067,
8068,
8069,7
8070,
8071,
8072,3
8073,
8074,
8075,
8076,
8077,
8078,
8079,7
8080,
8081,
8082,
8083,5
8084,
8085,
8086,7
8087,
8088,5
8089,7
8090,
8091,
8092,
8093,
8094,
8095,
8096,5
8097,5
8098,
8099,2
8100,
8101,
8102,
8103,
8104,
8105,
8106,
8107,1
8108,5
8109,
8110,5
8111,1
8112,2
8113,
8114,
8115,
8116,
8117,2
8118,
8119,7
8120,1
8121,
8122,6
8123,3
8124,2
8125,2
8126,5
8127,
8128,7
8129,
8130,3
8131,5
8132,1
8133,
8134,3
8135,
8136,
8137,
8138,7
8139,
8140,
8141,
8142,
8143,
8145,7
8146,
8147,3
8148,
8149,
8150,4
8151,7
8152,1
8153,
8154,5
8155,
8156,
8157,
8158,
8159,
8160,
8161,1
8162,
8163,1
8164,
8165,1
8166,
8167,
8168,6
8169,6
8170,
8171,7
8172,3
8173,5
8174,
8175,1
8176,
8177,
8178,
8179,
8180,
8181,3
8182,
8183,
8184,6
8185,
8186,
8187,2
8188,3
8189,
8190,
8191,
8192,
8193,7
8194,1
8195,1
8196,
8197,5
8198,
8199,
8200,
8201,
8202,
8203,2
8204,
8205,
8206,
8207,
8208,
8209,
8210,1
8211,
8212,
8213,5
8214,1
8215,1
8216,6
8217,
8218,
8219,7
8220,
8221,
8222,7
8223,
8224,5
8225,7
8226,1
8227,
8228,2
8229,
8230,1
8231,5
8232,
8233,3
8234,
8235,5
8236,5
8237,
8238,4
8239,
8240,4
8241,5
8242,1
8243,
8244,6
8245,
8246,
8247,
8249,
8250,
8251,5
8252,3
8253,5
8254,
8255,4
8256,
8257,3
8258,
8259,
8260,2
8261,
8262,5
8263,7
8264,7
8265,6
8266,
8267,1
8268,
8269,
8270,
8271,
8272,
8273,
8274,
8275,1
8276,5
8277,
8278,
8279,
8280,
8281,
8282,7
8283,
8284,
8285,
8286,
8287,
8288,1
8289,
8290,7
8291,
8292,
8293,1
8294,7
8295,7
8296,5
8297,
8298,7
8299,5
8300,2
8301,
8302,6
8303,1
8304,
8305,
8306,5
8307,
8308,
8309,4
8310,
8311,
8312,
8313,4
8314,
8315,6
8316,
8317,
8318,7
8319,
8320,
8321,1
8322,1
8323,
8324,
8325,
8326,
8327,6
8328,
8329,
8330,4
8331,
8332,1
8333,
8334,
8335,7
8336,
8337,
8338,
8339,
8340,
8341,7
8342,6
8343,7
8344,7
8345,1
8346,2
8347,
8348,7
8349,
8350,3
8351,6
8352,
8353,3
8354,
8355,7
8356,
8357,
8358,
8359,
8360,
8361,4
8362,
8363,
8364,
8365,7
8366,
8367,
8368,2
8369,
8370,1
8371,
8372,1
8373,
8374,
8375,
8376,5
8377,7
8378,7
8379,
8380,6
8381,6
8382,
8383,
8384,2
8385,
8386,2
8387,5
8388,5
8389,
8390,4
8391,
8392,7
8393,
8394,3
8395,1
8396,1
8397,2
8398,7
8399,
8400,
8401,6
8402,6
8403,
8404,
8405,
8406,
8407,
8408,
8409,5
8410,
8411,
8412,
8413,
8414,
8415,5
8416,
8417,
8418,7
8419,7
8420,6
8421,5
8422,7
8423,7
8424,
8425,
8426,
8427,
8428,1
8429,2
8430,5
8431,
8432,
8433,
8434,1
8435,
8436,6
8437,6
8438,6
8439,6
8440,6
8441,6
8442,2
8443,
8444,
8445,
8446,
8447,
8448,
8449,1
8450,1
8451,
8452,1
8453,6
8454,3
8455,6
8456,
8457,6
8458,6
8459,6
8460,
8461,5
8462,6
8463,7
8464,2
8465,
8466,
8467,7
8468,
8469,1
8470,6
8471,2
8472,6
8473,
8474,7
8475,7
8476,
8477,6
8478,
8479,5
8480,5
8481,7
8482,1
8483,
8484,4
8485,4
8486,1
8487,7
8488,4
8489,6
8490,
8491,7
8492,
8493,6
8494,
8495,3
8496,1
8497,6
8498,5
8499,
8500,6
8501,
8502,6
8503,
8504,6
8505,4
8506,7
8507,6
8508,6
8509,
8510,7
8511,
8512,
8513,6
8514,
8515,
8516,6
8517,
8518,6
8519,4
8520,1
8521,
8522,
8523,3
8524,
8525,4
8526,7
8527,
8528,5
8529,
8530,
8531,1
8532,6
8533,6
8534,6
8535,
8536,
8537,3
8538,4
8539,
8540,
8541,6
8542,2
8543,
8544,5
8545,
8546,6
8547,6
8548,4
8549,
8550,
8551,
8552,2
8553,
8554,7
8555,
8556,
8557,2
8558,2
8559,6
8560,7
8561,
8562,2
8563,
8564,
8565,7
8566,7
8567,4
8568,3
8571,
8572,7
8573,7
8574,6
8575,
8576,6
8577,
8578,6
8579,3
8580,
8581,
8582,2
8583,
8584,
8585,5
8586,
8587,3
8588,4
8589,3
8590,
8591,
8592,
8593,3
8594,
8595,
8596,4
8597,1
8598,4
8599,
8600,6
8601,5
8602,
8603,
8604,
8605,3
8606,7
8607,
8608,7
8609,1
8610,6
8611,2
8612,
8613,6
8614,
8615,
8616,1
8617,
8618,
8619,
8620,
8621,6
8622,
8623,1
8624,7
8625,5
8626,4
8627,4
8628,
8629,7
8630,4
8631,
8632,2
8633,
8634,2
8635,4
8636,7
8637,
8638,
8639,5
8640,7
8641,7
8642,7
8643,6
8644,1
8645,6
8646,
8647,
8648,7
8649,
8650,6
8651,
8652,1
8653,
8654,
8655,
8656,
8657,4
8658,
8659,
8661,3
8662,7
8663,
8664,1
8665,7
8666,
8667,1
8668,1
8669,5
8670,
8671,6
8672,8
8673,4
8674,6
8675,1
8676,5
8677,6
8678,
8679,
8680,
8681,
8682,3
8683,
8684,5
8685,
8686,
8687,
8688,8
8689,
8690,7
8691,3
8692,7
8693,
8694,7
8695,
8696,7
8697,
8698,
8699,
8700,
8701,
8702,3
8703,2
8704,3
8705,1
8706,3
8707,
8708,1
8709,1
8710,
8711,
8712,5
8713,
8714,
8715,
8716,
8717,
8718,4
8719,
8720,
8721,4
8722,
8723,5
8724,1
8725,3
8726,
8727,
8728,5
8729,5
8730,
8731,1
8732,
8733,
8734,2
8735,
8736,5
8737,
8738,5
8739,1
8740,5
8741,
8742,
8743,
8744,1
8745,1
8747,
8748,
8749,
8750,
8751,3
8752,
8753,6
8754,5
8755,
8756,4
8757,
8758,
8759,3
8760,6
8761,
8762,
8763,6
8764,
8765,
8766,4
8767,
8768,
8769,6
8770,
8771,
8772,6
8773,
8774,
8775,3
8776,
8777,
8778,
8779,
8780,2
8781,
8782,
8783,
8784,
8785,
8786,
8787,
8788,
8789,
8790,
8791,
8792,
8793,
8794,
8795,
8796,
8797,4
8798,3
8799,
8800,
8801,
8802,
8803,5
8804,5
8810,1
8811,2
8812,
8813,
8814,
8815,5
8817,
8818,
8819,
8820,
8821,
8822,2
8823,
8824,
8825,
8826,
8827,
8828,6
8829,
8830,
8831,
8832,2
8833,
8834,
8835,
8836,5
8837,
8838,6
8839,
8844,
8845,
8846,
8847,
8848,2
8849,
8850,
8851,
8852,
8853,
8854,
8855,
8856,7
8857,
8858,2
8859,
8860,
8861,6
8862,
8863,
8864,
8865,
8866,
8867,
8868,1
8869,1
8874,7
8875,
8876,
8877,5
8878,2
8879,
8880,
8881,
8882,
8883,7
8884,
8885,
8886,
8887,
8888,
8889,5
8890,5
8891,
8892,
8893,
8894,
8895,
8896,
8897,
8898,
8899,
8900,
8901,
8902,7
8903,
8904,
8905,
8906,4
8907,
8908,
8909,3
8910,
8911,
8912,
8913,
8914,7
8915,
8916,
8917,
8918,1
8919,6
8920,7
8921,4
8922,
8923,
8924,
8925,3
8926,
8927,7
8928,
8929,
8930,
8931,
8932,
8933,
8934,5
8935,
8936,
8937,5
8938,1
8939,
8940,
8941,
8942,
8943,
8944,
8945,
8946,
8948,
8949,
8950,
8951,
8952,
8953,3
8954,
8955,
8956,
8957,
8958,
8959,
8960,
8961,7
8962,
8963,2
8964,
8965,
8966,
8967,
8968,
8969,
8970,
8971,
8972,
8973,
8974,
8975,7
8976,5
8977,7
8978,
8979,
8980,5
8981,
8982,
8983,
8984,
8985,
8986,
8987,1
8988,
8989,
8990,
8991,
8992,3
8993,
8994,7
8995,
8996,5
8997,
8998,
8999,
9000,
9001,6
9002,6
9003,
9004,2
9005,2
9006,5
9007,
9008,1
9009,
9010,
9011,
9012,
9013,
9014,
9015,
9016,
9017,5
9018,
9019,
9020,1
9021,
9022,
9023,
9024,
9025,
9026,
9027,
9028,
9029,7
9030,
9031,
9032,5
9033,1
9034,3
9035,
9036,
9037,
9038,
9039,2
9040,7
9041,
9042,7
9043,5
9044,
9045,
9046,
9047,
9048,
9049,
9050,2
9051,5
9052,
9053,
9054,7
9055,
9056,
9057,
9058,2
9059,
9060,
9061,
9062,
9063,7
9064,
9065,
9066,
9067,
9068,
9069,
9070,
9071,
9072,
9073,
9074,5
9075,
9076,
9077,
9078,7
9079,
9080,
9081,
9082,2
9083,
9084,
9085,5
9086,
9087,
9089,
9090,
9091,
9092,
9093,
9094,1
9095,
9096,
9097,
9098,
9099,3
9100,2
9101,5
9102,
9103,
9104,
9105,7
9106,
9107,
9108,
9109,6
9110,
9111,
9112,7
9113,
9114,6
9115,
9116,
9117,
9118,
9119,
9120,
9121,7
9122,
9123,
9124,
9125,
9126,
9127,
9128,1
9129,2
9130,
9131,
9132,5
9133,
9134,
9135,
9136,
9137,2
9138,
9139,
9140,
9141,
9142,1
9143,
9144,
9145,2
9146,
9147,
9148,
9149,
9150,
9151,
9152,
9153,
9154,
9155,
9156,2
9157,1
9158,
9159,
9160,
9161,
9162,
9163,
9164,
9165,
9166,6
9167,
9168,4
9169,
9170,2
9171,
9172,7
9173,
9174,5
9175,1
9176,1
9177,
9178,5
9179,
9180,1
9181,
9182,
9183,
9184,
9185,
9186,
9187,
9188,
9189,7
9191,
9192,
9193,2
9194,1
9195,
9196,
9197,
9198,
9199,1
9200,
9201,
9202,7
9203,
9204,5
9205,
9206,
9207,
9208,
9209,6
9210,
9211,
9212,6
9213,
9214,
9215,
9216,
9217,5
9218,
9219,
9220,
9221,
9222,4
9223,
9224,7
9225,
9226,
9227,
9228,
9229,
9230,6
9231,
9232,3
9233,
9234,
9235,2
9236,2
9237,
9238,
9239,2
9240,
9241,7
9242,
9243,
9244,2
9245,
9246,
9247,
9248,
9249,1
9250,
9251,
9252,
9253,
9254,7
9255,
9256,
9257,
9258,1
9259,
9260,
9261,6
9262,
9263,
9264,2
9265,
9266,
9267,
9268,
9269,
9270,
9271,
9272,1
9273,
9274,5
9275,3
9276,
9277,
9278,2
9279,
9280,
9281,
9282,
9283,
9284,
9285,
9286,
9287,
9288,1
9289,
9290,
9291,
9292,
9293,
9294,
9295,
9296,
9297,
9298,1
9299,
9300,
9301,
9302,
9303,
9304,
9305,
9306,7
9307,
9308,
9309,1
9310,1
9312,
9313,
9314,7
9315,
9316,5
9317,5
9318,
9319,
9320,
9321,
9322,
9323,
9324,
9325,
9326,
9327,
9328,
9329,
9330,
9331,
9332,
9333,
9334,1
9335,
9336,
9337,
9338,
9339,1
9340,
9341,
9342,
9343,
9344,
9345,5
9346,
9347,4
9348,
9349,
9350,6
9351,6
9352,3
9353,
9354,
9355,
9356,
9357,
9358,
9359,
9360,
9361,
9362,
9363,
9364,
9365,
9366,
9367,
9368,8
9369,
9370,
9371,
9372,
9373,
9374,
9375,
9376,
9377,
9378,
9379,
9380,
9381,
9382,
9383,
9384,
9385,
9386,
9387,
9388,
9389,
9390,
9391,
9392,
9393,
9394,
9395,
9396,
9397,
9398,
9399,
9400,
9401,
9402,
9403,
9404,
9405,
9407,
9408,
9409,
9410,
9411,
9412,
9413,
9414,
9415,
9416,
9417,
9418,
9419,
9420,
9421,
9422,
9423,
9424,
9425,
9426,
9427,
9428,
9429,
9430,
9431,
9432,
9433,
9434,
9435,
9436,
9437,
9438,
9439,
9440,
9442,
9443,
9444,
9445,
9446,
9447,
9448,
9449,
9450,
9451,
9452,
9453,
9454,
9455,
9456,
9457,
9458,
9459,
9460,
9461,
9462,
9463,
9464,
9465,
9466,
9467,
9468,
9469,
9470,
9471,
9472,
9473,
9474,
9475,
9476,
9477,
9478,
9479,
9480,
9481,
9482,
9483,
9484,
9485,
9486,
9487,
9488,
9489,
9490,
9491,
9492,
9493,
9494,5
9495,5
9496,
9497,
9498,
9499,
9500,
9501,
9502,
9503,
9504,
9505,
9506,
9507,8
9508,
9509,
9510,
9511,
9512,
9513,
9514,
9515,
9516,
9517,
9518,
9519,
9520,
9521,
9522,
9523,
9524,
9526,
9527,
9528,
9529,
9530,
9531,
9532,
9533,
9534,
9535,
9536,
9537,
9538,
9539,
9540,
9541,
9542,
9543,
9544,
9545,
9546,
9547,
9548,
9549,
9550,
9551,
9552,
9553,
9554,
9555,
9556,
9557,
9558,
9559,
9560,
9561,
9562,
9563,
9564,
9565,
9566,
9567,
9568,
9569,
9570,
9571,
9572,
9573,
9574,
9575,
9576,
9577,
9578,
9579,
9580,
9581,
9582,
9583,
9584,
9585,
9586,
9587,
9588,
9589,
9590,
9591,
9592,
9593,
9594,
9595,
9596,
9597,
9598,
9599,
9600,
9601,
9602,
9603,
9604,
9605,
9606,
9607,
9608,
9609,
9610,
9611,
9612,
9613,
9614,
9615,
9616,
9617,
9618,
9619,
9620,
9621,
9622,
9623,
9624,
9625,
9626,
9627,
9628,
9629,
9630,
9631,
9632,
9633,
9634,
9635,
9636,
9637,
9638,
9639,
9640,
9641,
9642,
9643,
9644,
9645,
9646,
9647,
9648,
9649,
9650,
9651,
9652,
9653,
9654,
9655,
9656,
9657,
9658,
9659,
9660,
9661,
9662,
9663,
9664,
9665,
9666,
9667,
9668,
9669,
9670,
9671,
9672,
9673,
9674,
9675,
9676,
9677,
9678,
9679,
9680,
9681,
9682,
9683,
9684,
9685,
9686,
9687,
9688,
9689,
9690,
9691,
9692,
9693,
9694,
9695,
9696,
9697,
9698,
9699,
9700,
9701,
9702,
9703,
9704,
9705,
9706,
9707,
9708,
9709,
9710,
9711,
9712,
9713,
9714,
9715,
9716,
9717,
9718,
9719,
9720,
9721,
9722,
9723,
9724,
9725,
9726,
9727,
9728,
9729,
9730,
9731,
9732,
9733,
9734,
9735,
9736,
9737,
9738,
9739,
9740,
9741,
9742,
9743,
9744,
9745,
9746,
9747,
9748,
9749,
9750,
9751,
9752,
9753,
9754,
9755,
9756,
9757,
9758,
9759,
9760,
9761,
9762,
9763,
9764,
9765,
9766,
9767,
9768,
9769,
9770,
9771,
9772,
9773,
9774,
9775,
9776,
9777,
9778,
9779,
9780,
9781,
9782,
9783,
9784,
9785,
9786,
9787,
9788,
9789,
9790,
9791,
9792,
9793,
9794,
9795,
9796,
9797,
9798,8
9799,
9800,
9801,
9802,
9803,
9804,
9805,
9806,
9807,
9808,
9809,
9810,
9811,
9812,
9813,
9814,
9815,
9816,
9817,
9818,
9819,
9820,
9821,
9822,
9823,
9824,
9825,
9826,
9827,
9828,
9829,
9830,
9831,
9832,
9834,
9835,
9836,
9837,
9838,
9839,
9840,
9841,
9842,
9843,
9844,
9845,
9846,
9847,
9848,
9849,
9850,
9851,
9852,
9853,
9854,
9855,
9856,
9857,
9858,
9859,
9860,
9861,
9862,
9863,
9864,
9865,
9866,
9867,
9868,
9869,
9870,
9871,
9872,
9873,
9874,
9875,
9876,
9877,
9879,
9880,
9881,
9882,
9883,
9884,
9885,
9886,
9887,
9888,
9889,
9890,
9891,
9892,
9893,
9894,
9895,
9896,
9897,
9898,
9899,
9900,
9901,
9902,
9903,
9904,
9905,
9906,
9907,
9908,
9909,
9910,
9911,
9912,
9913,
9914,
9915,
9916,
9917,
9918,
9919,
9920,
9921,
9922,
9923,
9924,
9925,
9926,
9927,
9928,
9929,
9930,
9931,
9932,
9933,
9934,
9935,
9936,
9937,
9938,
9939,
9941,
9942,
9943,
9944,
9945,
9946,
9947,
9948,
9949,
9950,
9951,
9952,
9953,
9954,
9955,
9956,
9957,
9958,
9959,
9960,
9962,
9963,
9964,
9965,
9966,
9967,
9968,
9969,
9970,
9971,
9972,
9973,
9974,
9975,
9976,
9977,
9978,
9979,
9980,
9981,
9982,
9983,
9984,
9985,
9986,
9987,
9988,
9989,
9990,
9991,
9992,
9993,
9994,
9995,
9996,
9997,
9998,
9999,
10000,
10001,
10002,
10003,
10004,
10005,
10006,
10007,
10008,
10009,
10010,
10011,
10012,
10015,
10016,
10017,
10018,
10019,
10020,
10021,8
10022,
10023,
10024,
10025,
10026,
10027,
10028,
10029,
10030,
10031,
10032,
10033,
10034,
10035,
10036,
10037,
10038,
10039,
10040,
10041,
10042,
10043,
10044,
10045,
10046,
10047,
10048,
10049,
10050,
10051,
10052,
10053,
10054,
10055,
10056,
10057,
10058,
10059,
10060,
10061,
10062,
10063,
10064,
10065,
10066,
10067,
10068,
10069,
10070,
10071,
10072,
10073,
10074,
10075,
10076,
10077,
10079,
10080,
10081,
10082,
10083,
10084,
10085,
10086,
10087,
10088,
10089,
10090,
10091,
10092,
10093,
10094,
10095,
10096,
10097,
10098,
10099,
10100,
10101,
10102,
10103,
10104,
10105,
10106,
10107,
10108,
10109,
10110,
10111,
10112,
10113,
10114,
10115,
10117,
10118,
10119,
10121,
10122,
10123,
10124,
10125,
10126,
10127,
10128,
10129,8
10130,
10131,
10132,
10133,
10134,
10135,
10136,
10137,
10138,
10139,
10140,
10141,
10142,
10143,
10144,
10145,
10146,
10147,
10148,
10149,
10150,
10151,
10152,
10153,
10154,
10155,
10156,
10157,
10158,
10159,
10160,
10162,
10163,
10164,
10165,
10166,
10167,
10168,
10169,
10170,
10171,
10172,
10173,
10174,
10175,
10176,
10177,
10178,
10179,
10180,
10181,
10182,
10183,
10184,
10185,
10186,
10187,
10189,
10190,
10191,
10192,
10193,
10194,
10195,
10196,
10197,
10198,
10199,
10200,
10201,
10202,
10203,
10204,
10205,
10206,
10207,
10208,
10209,
10210,
10211,
10212,
10213,
10214,
10215,
10216,
10217,
10218,
10219,
10220,
10221,
10222,
10223,
10224,
10225,
10226,
10227,
10228,
10229,
10230,
10231,
10232,
10233,
10234,
10235,
10236,
10237,
10238,
10240,
10241,
10242,
10243,
10244,
10245,
10246,
10247,
10248,
10249,
10250,
10251,
10252,
10253,
10254,
10255,
10256,
10257,
10258,
10259,
10260,
10262,
10264,
10265,
10267,
10268,
10269,
10270,
10271,
10272,
10273,
10274,
10275,
10276,
10277,
10278,
10279,
10280,
10281,
10282,
10283,
10284,
10285,
10286,
10287,
10288,
10289,
10290,
10291,
10292,
10293,
10294,
10295,
10296,
10297,
10298,
10299,
10300,
10301,
10302,
10303,
10304,
10305,
10306,
10307,
10308,
10309,
10310,
10311,
10312,
10313,
10314,
10315,
10316,
10317,
10318,
10319,
10320,
10321,
10322,
10323,
10324,
10325,
10326,
10327,
10328,
10329,
10330,
10331,
10332,
10333,
10334,
10335,
10336,
10337,
10338,
10339,
10340,
10341,
10342,
10343,
10344,
10345,
10346,
10347,
10348,
10349,
10350,
10351,
10352,
10353,
10354,
10355,
10356,
10357,
10358,
10359,
10360,
10361,
10362,
10364,
10365,
10366,
10367,
10368,
10369,
10370,
10372,
10373,
10374,
10375,
10376,
10377,
10378,
10379,
10381,8
10382,
10383,
10384,8
10385,
10386,
10387,
10389,
10390,
10391,
10392,
10393,
10394,8
10395,
10396,
10397,8
10398,
10399,
10400,
10401,
10402,
10403,
10404,
10405,
10406,
10407,
10408,
10409,
10410,
10411,
10412,
10413,
10414,
10415,
10416,
10417,
10418,
10419,
10420,
10421,
10422,
10423,
10424,
10425,
10426,
10427,
10428,
10429,
10430,
10431,
10432,
10433,
10434,
10435,
10436,
10437,
10438,
10439,
10440,
10441,
10442,
10443,
10444,
10445,
10446,
10447,
10448,
10449,
10450,
10451,
10452,
10453,
10454,
10455,
10456,
10457,
10458,
10459,
10460,
10461,
10462,
10463,
10464,8
10465,
10466,
10467,
10468,
10469,
10470,
10471,
10472,
10473,
10474,
10475,
10476,
10477,
10478,
10479,
10480,
10481,
10482,
10483,
10484,
10485,
10486,
10487,
10488,
10489,
10490,
10491,
10492,
10493,
10494,
10495,
10496,
10497,
10498,
10499,
10500,
10501,
10502,
10503,
10504,
10505,
10506,
10507,
10508,
10509,
10510,
10511,
10512,
10513,
10514,
10515,
10516,
10517,
10518,
10519,
10520,
10521,8
10522,
10523,
10524,
10525,
10526,
10527,
10528,8
10529,
10530,
10531,8
10532,
10533,
10534,
10535,8
10536,
10537,
10538,
10539,
10540,
10541,8
10542,
10543,8
10544,8
10545,
10546,
10547,
10548,
10549,8
10550,
10551,
10552,8
10553,
10554,
10555,8
10556,
10557,
10558,8
10559,8
10560,
10561,8
10562,8
10563,
10564,
10565,
10566,8
10567,
10568,
10569,
10570,
10571,
10572,8
10573,
10574,8
10575,
10576,
10577,
10578,
10579,8
10580,8
10581,8
10582,
10583,
10584,
10585,
10586,
10587,
10588,
10589,8
10590,
10591,
10592,
10593,
10594,
10595,
10596,8
10597,
10598,
10599,
10601,
10602,
10603,
10604,
10605,
10606,
10607,
10608,
10609,
10610,
10611,
10612,
10613,
10614,
10615,
10616,
10617,
10618,
10619,
10620,
10621,
10622,
10623,
10624,
10625,
10626,
10627,
10628,
10629,
10630,
10631,
10632,
10633,
10634,
10635,
10636,
10637,
10638,
10639,
10640,
10641,
10642,
10643,
10644,
10645,
10646,8
10647,
10648,
10649,
10650,
10651,
10652,
10653,
10654,
10655,
10656,
10657,
10658,8
10659,
10660,
10661,8
10662,
10663,
10664,
10665,
10666,
10667,
10668,
10669,
10670,
10671,
10672,
10673,
10674,
10675,8
10676,
10677,
10678,
10679,
10680,
10681,
10682,
10683,
10684,8
10685,
10686,
10687,
10688,
10689,
10690,
10691,
10692,
10693,
10694,
10695,
10696,
10697,8
10698,
10699,8
10700,
10701,
10702,
10703,
10704,
10705,8
10706,
10707,8
10708,
10709,
10710,
10711,
10712,
10713,8
10714,
10715,
10716,
10717,
10718,
10719,
10720,
10721,
10722,
10723,
10724,
10725,
10727,
10728,
10729,
10730,
10731,
10732,
10733,
10734,
10735,
10736,8
10737,
10738,
10739,
10740,
10741,
10742,
10743,
10744,
10745,
10746,
10747,
10748,
10749,
10750,
10751,8
10752,8
10753,
10754,
10755,
10756,
10757,
10758,8
10759,
10760,
10761,
10762,8
10763,
10764,
10765,
10766,
10767,
10768,
10769,
10770,
10771,
10772,
10773,
10774,
10775,
10776,
10777,
10778,
10779,
10780,
10781,
10782,
10783,
10784,
10785,
10786,
10787,
10788,
10789,
10790,
10791,
10792,
10793,
10794,
10795,
10796,
10797,
10798,
10799,
10800,
10801,
10802,
10803,
10804,
10805,
10806,
10807,8
10808,8
10809,
10810,
10811,
10812,8
10813,
10814,
10815,
10816,
10817,
10818,
10819,
10820,
10821,
10822,
10823,8
10824,
10825,8
10826,
10827,
10828,
10829,8
10830,
10831,
10832,
10833,
10834,8
10835,
10836,
10837,
10838,
10839,
10840,
10841,
10842,
10843,
10844,
10845,
10846,
10847,
10848,
10849,
10850,
10851,
10852,
10853,
10854,
10855,8
10856,
10857,
10858,
10859,
10860,
10861,
10862,
10863,
10864,
10865,
10866,
10867,
10868,
10869,8
10870,
10871,
10872,
10873,
10874,
10875,
10876,
10877,
10878,
10879,
10880,
10881,
10882,
10883,
10885,
10886,
10887,8
10888,
10889,
10890,
10891,
10892,
10893,8
10894,
10895,
10896,
10897,
10898,
10899,
10901,
10902,8
10903,
10904,
10905,
10906,
10907,
10908,
10909,
10910,
10911,
10912,
10913,
10917,
10918,
10919,
10920,
10921,8
10922,
10923,
10924,
10925,
10926,
10927,
10928,
10929,8
10930,8
10931,
10932,
10933,
10934,
10935,
10936,8
10937,
10938,
10939,
10940,
10941,
10942,
10943,
10944,
10945,
10946,
10947,
10948,
10949,
10950,
10951,
10952,
10953,8
10954,
10955,
10956,
10957,
10958,
10959,
10960,8
10961,
10962,
10963,
10964,
10965,
10966,
10967,
10968,
10969,
10970,
10971,
10972,
10973,
10974,
10975,
10978,8
10979,
10980,
10981,
10982,
10983,
10984,8
10985,
10986,
10988,
10989,
10990,
10991,
10992,
10993,
10994,
10995,
10996,
10997,
10998,
10999,
11000,
11001,
11002,
11003,
11004,
11005,
11006,
11007,
11008,
11009,
11010,
11011,
11012,8
11013,
11014,
11015,
11016,
11017,
11018,
11019,
11020,
11021,
11022,
11023,
11024,
11025,
11026,
11027,
11028,
11029,
11030,
11031,
11032,
11033,
11034,
11035,8
11036,
11037,
11038,8
11039,
11040,
11042,
11043,8
11044,
11045,
11046,
11047,
11048,8
11049,
11050,
11051,
11052,
11053,
11054,
11055,
11056,
11057,
11058,
11059,
11060,
11061,
11062,
11063,
11064,
11065,
11066,
11067,
11068,
11069,
11070,
11071,
11072,
11073,
11074,
11075,
11076,
11077,
11078,
11079,
11080,
11081,
11082,
11083,
11084,
11085,
11086,
11087,
11088,
11089,
11090,
11091,
11092,
11093,
11094,
11095,
11096,
11097,
11098,
11099,8
11100,
11101,
11102,
11103,
11104,
11105,
11106,
11107,
11108,
11109,
11110,
11111,
11112,
11113,
11114,
11115,
11116,
11117,
11118,
11119,
11120,
11121,
11123,
11124,
11125,
11126,
11127,
11128,
11129,
11130,
11131,
11132,
11133,
11134,
11135,
11137,
11138,
11139,
11140,8
11141,
11142,
11143,
11144,
11145,
11146,
11147,
11148,
11149,
11150,
11151,
11152,
11153,
11154,
11155,
11156,
11157,
11158,
11159,
11160,
11161,
11162,
11163,
11164,
11165,
11166,
11167,
11168,
11169,
11170,
11171,
11172,8
11173,
11174,
11175,
11176,
11177,
11179,
11180,
11181,
11182,
11183,
11184,
11185,
11186,
11187,8
11188,8
11189,
11190,
11191,
11192,
11193,
11194,
11195,8
11196,
11197,
11198,
11199,
11200,
11201,
11202,
11203,
11204,
11205,
11206,
11207,
11208,
11209,
11210,
11211,8
11212,8
11213,8
11214,
11215,
11216,8
11217,
11218,8
11219,
11220,
11221,8
11222,
11223,8
11224,
11225,
11226,
11227,
11228,
11229,
11230,
11231,
11232,8
11233,
11234,
11235,
11236,
11237,
11238,
11239,
11240,
11241,
11242,
11243,
11244,
11246,
11247,
11248,
11249,
11250,
11251,
11252,
11253,
11254,
11255,
11256,
11257,
11258,
11259,
11260,
11261,
11262,
11263,
11264,
11265,
11266,8
11267,
11268,
11269,
11270,
11271,
11272,
11273,
11274,
11275,
11276,
11277,
11278,
11279,
11280,
11281,
11282,
11283,
11284,
11285,
11286,
11287,
11288,
11289,
11290,
11291,
11292,
11293,
11294,
11295,
11296,
11297,8
11298,
11299,
11300,
11301,
11302,
11303,
11304,
11305,
11306,8
11307,
11308,
11309,
11310,
11311,
11312,
11313,
11314,
11315,
11316,8
11317,
11318,
11319,
11320,
11321,
11322,
11323,
11324,8
11325,
11326,
11327,
11328,
11329,
11330,8
11331,
11332,
11333,
11334,
11335,
11336,
11337,
11338,
11339,
11340,
11341,
11342,
11343,
11344,
11345,
11346,
11347,
11348,8
11349,8
11350,
11351,
11352,8
11353,
11354,
11355,
11356,8
11357,
11358,
11359,
11360,
11361,8
11362,
11363,
11364,
11365,
11366,
11367,
11369,
11370,8
11377,8
11378,
11379,
11380,
11381,
11382,
11383,8
11384,
11385,
11386,
11387,
11388,
11389,
11390,
11391,
11392,
11393,
11394,
11395,
11396,
11397,
11398,
11399,8
11400,
11401,
11402,
11403,
11404,
11405,
11406,
11407,
11408,
11409,
11410,
11411,
11412,
11413,
11414,
11415,
11416,
11417,
11418,
11419,
11420,
11421,
11422,
11423,
11424,
11425,
11426,
11427,
11428,
11429,
11430,
11431,
11432,
11433,
11434,
11435,
11436,
11437,
11438,
11439,
11440,
11441,
11442,
11443,
11444,
11445,
11446,
11447,
11448,
11449,
11450,
11451,
11452,
11453,
11454,
11456,8
11457,
11458,
11459,
11460,
11461,
11462,
11463,
11464,
11465,
11466,
11467,
11468,
11469,
11470,
11471,
11472,
11473,
11474,
11475,
11476,
11477,8
11478,
11479,
11480,
11481,
11482,
11483,8
11484,
11485,
11486,
11487,
11488,
11489,
11490,
11491,
11492,
11493,
11494,
11495,
11496,
11497,
11498,
11499,
11500,
11501,
11502,
11503,
11504,
11505,
11506,
11507,
11508,
11509,
11510,
11511,
11512,
11513,
11514,
11515,
11516,
11517,
11518,
11519,
11520,
11521,
11522,
11523,
11524,
11525,
11526,
11527,
11528,
11529,
11530,
11531,
11532,
11533,8
11534,
11535,
11536,
11537,
11538,
11539,
11540,
11541,
11542,
11543,
11544,
11545,
11546,
11547,
11548,
11549,
11550,
11551,
11552,
11553,
11554,
11555,
11556,
11557,
11558,
11559,
11560,
11561,
11562,8
11563,
11564,
11565,
11566,
11567,
11568,
11569,
11571,
11572,
11573,
11574,
11575,
11576,
11577,
11578,
11579,
11580,
11581,
11582,
11583,
11584,
11585,
11586,
11587,
11588,
11589,
11590,
11591,
11592,
11593,
11594,
11595,
11596,
11597,
11598,8
11599,
11600,8
11601,
11602,
11603,
11604,
11605,
11606,
11607,8
11608,
11609,
11610,
11611,
11612,
11613,
11614,
11615,
11616,
11617,
11618,
11619,
11620,
11621,
11622,
11623,
11624,
11626,
11627,
11628,
11629,
11630,
11631,
11632,
11633,8
11634,
11635,
11636,
11637,8
11638,
11639,
11640,8
11641,
11642,
11643,
11644,
11645,
11646,
11647,
11648,
11649,
11650,
11651,
11652,8
11653,
11654,
11655,
11656,
11657,
11658,
11659,
11660,
11661,
11662,
11663,
11664,
11665,
11666,
11667,
11668,
11669,
11670,
11671,
11672,
11673,8
11674,
11675,
11676,
11677,
11678,
11679,
11680,
11681,8
11682,
11683,
11684,
11685,
11687,8
11688,
11689,8
11690,
11691,
11692,
11695,
11696,
11697,
11698,
11699,8
11700,
11701,8
11702,
11703,
11704,
11705,
11706,
11707,8
11708,8
11709,
11710,
11711,
11712,
11713,
11714,
11715,
11716,
11717,
11718,
11719,
11720,
11721,
11722,
11723,
11724,
11725,
11729,
11730,
11731,
11732,
11733,
11734,
11735,8
11736,
11737,
11738,8
11739,
11740,
11741,
11742,8
11743,
11744,
11745,8
11746,
11747,
11748,
11749,
11750,
11751,
11752,
11753,
11754,
11755,
11756,
11757,
11758,
11759,
11760,
11761,
11762,
11763,
11764,
11765,
11766,8
11767,
11768,
11769,
11770,8
11771,
11772,
11773,
11774,8
11775,8
11776,
11777,
11778,8
11779,
11780,
11781,
11782,
11783,8
11784,8
11785,
11786,8
11787,8
11788,
11789,8
11790,
11791,
11792,
11793,
11794,
11795,
11796,
11797,8
11798,
11799,
11800,
11801,
11802,
11803,
11804,
11805,
11806,
11807,
11808,8
11809,
11810,
11811,
11812,
11813,
11814,
11815,
11816,
11817,
11818,
11819,8
11820,
11821,
11822,
11823,
11824,
11825,
11826,
11827,
11828,
11829,8
11830,
11831,8
11832,
11833,8
11834,
11835,
11837,
11838,
11839,
11840,
11841,
11842,
11843,
11844,
11846,
11847,
11848,
11849,
11850,
11851,
11852,
11853,
11854,
11855,8
11856,
11857,
11858,
11859,
11860,
11861,
11862,
11863,
11864,
11865,
11866,8
11867,
11868,
11869,
11870,8
11871,
11872,
11873,
11874,
11875,
11876,
11877,
11878,
11879,
11880,
11881,
11882,
11884,
11885,
11886,
11887,
11888,
11889,
11890,
11891,
11892,
11893,
11894,
11895,
11896,
11897,
11898,
11899,
11900,
11901,
11902,8
11903,
11904,
11905,
11906,
11907,
11908,
11909,
11910,
11911,
11912,
11913,
11914,
11915,8
11916,
11917,
11918,
11919,
11920,
11921,
11922,
11923,
11924,
11925,
11926,8
11927,
11928,
11929,
11930,
11932,
11933,8
11934,
11935,
11936,
11937,
11938,8
11939,
11940,
11941,
11942,8
11943,
11944,
11945,
11946,
11947,
11948,
11949,
11950,
11951,
11952,
11953,
11954,
11955,8
11956,
11957,
11958,
11959,
11960,
11961,
11962,
11963,
11964,
11965,
11966,
11967,
11968,
11969,
11970,8
11971,
11972,
11973,
11974,
11975,
11976,
11977,
11978,
11979,
11980,
11981,
11982,
11983,
11984,8
11985,8
11986,
11987,8
11988,
11989,
11990,
11991,
11992,8
11993,
11994,
11995,
11996,8
11997,
11998,8
11999,
12000,
12001,
12002,
12003,
12004,
12005,
12006,
12007,
12008,
12009,
12010,
12011,
12012,
12013,
12014,
12015,
12016,8
12017,
12018,
12019,
12020,
12021,
12022,
12023,
12024,
12025,
12026,
12027,
12028,
12029,
12030,8
12031,
12032,8
12033,8
12034,
12035,
12036,
12037,
12038,
12039,
12040,
12041,
12042,
12043,
12044,
12045,8
12046,8
12047,
12048,
12049,8
12050,
12051,
12052,8
12053,
12054,
12055,
12056,
12057,
12058,
12059,
12060,
12061,
12062,
12063,
12064,
12065,
12066,
12067,
12068,
12069,
12070,
12071,
12072,
12073,
12074,
12075,
12076,
12077,
12078,
12079,
12080,
12081,
12082,8
12083,8
12084,
12085,
12086,
12087,8
12088,
12089,
12090,
12091,
12092,
12093,
12094,
12095,
12096,
12097,
12098,
12099,
12100,
12101,
12102,
12103,
12104,
12105,
12106,
12107,
12108,
12109,
12110,
12111,
12112,
12113,
12114,
12115,8
12116,
12117,
12118,
12119,
12120,
12121,
12122,
12123,
12124,
12125,8
12126,
12127,
12128,
12129,
12130,
12131,
12132,
12133,
12134,
12135,
12136,
12137,
12138,
12139,
12140,
12141,
12142,
12143,8
12144,
12145,
12146,
12147,
12148,
12149,
12150,
12151,
12152,
12153,
12154,
12155,
12157,
12158,
12159,
12160,
12161,
12162,
12163,
12164,
12165,
12166,
12167,
12168,
12169,
12170,
12171,
12172,
12173,
12174,
12175,
12176,
12177,
12178,
12179,
12180,
12181,
12182,
12183,
12184,
12185,
12186,
12187,
12188,
12189,
12190,
12191,
12192,
12193,8
12194,
12195,
12196,
12197,
12198,
12199,
12200,
12201,
12202,
12203,
12204,
12205,
12206,
12207,
12208,
12209,
12210,8
12211,
12212,
12213,
12214,
12215,
12216,
12217,
12218,
12219,
12220,
12221,
12222,
12223,
12224,
12225,
12226,8
12227,
12229,
12230,
12231,
12232,
12233,
12234,
12235,
12236,
12237,
12238,
12239,
12240,8
12241,
12242,
12243,
12244,
12245,
12246,
12247,
12248,
12249,
12250,
12251,
12252,
12253,
12254,
12255,
12256,
12257,
12258,
12259,
12260,
12261,
12262,
12263,
12264,
12265,
12266,
12267,
12268,8
12269,
12270,
12271,
12272,
12273,
12274,
12275,
12276,
12277,
12278,
12279,
12280,8
12281,
12282,
12283,
12285,
12286,
12287,
12288,
12289,
12290,
12291,8
12292,
12293,8
12294,
12295,
12296,
12297,
12298,
12299,
12300,
12301,
12302,
12303,8
12304,
12305,
12306,
12307,
12308,8
12309,
12310,
12311,
12312,
12314,
12315,
12316,
12317,
12318,
12319,8
12320,
12321,
12322,
12323,
12324,
12325,
12326,8
12327,8
12328,
12329,
12330,
12331,
12332,
12333,
12334,
12335,8
12336,
12337,8
12338,8
12339,
12340,
12341,
12342,
12343,
12344,
12345,
12346,
12347,
12348,
12349,
12350,
12351,
12352,
12353,
12354,
12355,
12356,8
12357,8
12358,
12359,
12360,
12361,8
12362,8
12363,
12364,8
12365,
12366,
12367,
12368,
12369,8
12370,
12371,
12372,8
12373,
12374,
12375,8
12376,
12377,
12378,
12379,
12380,
12381,
12382,
12383,
12384,8
12385,
12386,
12387,8
12388,
12389,
12390,
12391,8
12392,
12393,8
12394,
12395,
12396,
12397,
12398,
12399,
12400,
12401,
12402,
12403,
12404,
12405,
12406,
12407,
12408,
12409,
12410,
12411,
12412,
12413,
12414,
12415,
12416,
12417,
12418,8
12419,
12420,
12421,
12422,
12423,
12424,8
12425,
12426,
12427,
12428,
12429,
12430,
12431,
12432,
12433,
12434,
12435,
12436,
12437,
12438,
12439,
12440,
12441,
12442,
12443,
12444,
12445,
12446,
12447,
12448,
12449,
12450,
12451,8
12452,
12453,
12454,
12455,
12456,
12457,
12458,
12459,
12460,8
12461,
12462,
12463,
12464,
12465,
12466,8
12467,
12468,
12469,
12470,
12471,8
12472,
12473,
12474,
12475,
12476,
12477,
12478,
12479,
12480,8
12481,
12482,
12483,
12484,
12485,
12486,
12487,
12488,8
12489,
12490,8
12491,
12492,
12493,
12494,8
12495,
12496,
12497,
12498,
12499,
12500,8
12501,
12502,8
12503,
12504,
12505,
12506,
12507,
12508,
12509,
12510,8
12511,
12512,
12513,
12514,
12515,
12516,
12517,
12518,
12519,
12520,
12521,
12522,
12523,
12524,
12525,
12526,8
12527,
12528,
12529,
12530,
12531,
12532,
12533,
12534,
12535,
12536,
12537,
12538,
12539,
12540,
12541,
12542,
12543,
12544,
12545,
12546,
12547,
12548,
12549,8
12550,8
12551,8
12552,8
12553,8
12554,
12555,
12556,8
12557,
12558,
12559,
12560,
12561,
12562,
12563,
12564,
12565,
12566,
12567,
12568,
12569,
12570,
12571,
12572,
12573,
12574,
12575,
12576,
12577,
12578,
12579,
12580,
12581,
12582,
12583,
12584,
12585,
12586,8
12587,8
12588,
12589,
12590,
12591,
12592,8
12593,
12594,
12595,
12596,
12597,
12598,
12599,
12600,
12601,
12602,
12603,
12605,
12606,
12607,
12608,
12609,
12610,
12611,
12612,
12613,
12614,
12615,8
12616,
12617,
12619,
12620,
12621,
12622,
12623,
12624,
12625,
12626,
12627,
12628,
12629,8
12630,
12631,
12632,
12633,
12634,
12635,
12636,
12637,
12638,
12639,
12640,8
12641,
12642,
12643,
12644,
12645,8
12646,
12647,
12648,
12649,
12650,
12651,
12652,
12653,
12654,
12655,
12656,
12657,
12658,
12659,8
12660,
12661,8
12662,
12663,
12664,8
12665,
12666,
12667,
12668,
12669,
12670,
12671,
12672,
12673,8
12674,
12675,
12676,
12677,
12678,
12679,
12680,
12681,8
12682,
12683,
12684,
12685,
12686,
12687,
12688,8
12689,
12690,8
12691,
12692,8
12693,
12694,
12695,
12696,
12697,8
12698,
12699,
12700,8
12701,8
12702,
12703,
12704,
12705,
12706,
12707,
12708,
12709,
12710,8
12711,
12712,
12713,8
12714,
12715,8
12716,
12717,
12718,
12719,
12720,
12721,8
12722,
12723,
12724,
12725,
12726,
12727,
12728,
12729,8
12730,
12731,
12732,
12733,8
12734,
12735,
12736,
12737,8
12738,
12739,
12740,
12741,
12742,8
12743,8
12744,
12745,
12746,
12747,
12748,8
12749,8
12750,
12751,
12752,
12753,8
12754,8
12755,8
12756,
12757,8
12758,
12759,
12760,8
12761,8
12762,8
12763,
12764,
12765,8
12766,8
12767,8
12768,
12769,8
12770,
12771,8
12772,
12773,8
12774,
12775,
12776,
12777,
12778,
12779,
12780,
12781,
12782,
12783,
12784,
12785,
12786,
12787,
12788,
12789,
12790,
12791,8
12792,
12793,
12794,8
12795,
12796,
12797,
12798,
12799,
12800,
12801,
12802,
12803,
12804,
12805,2
12806,8
12807,
12808,
12810,
12811,8
12812,
12813,
12814,
12815,
12816,8
12817,
12818,
12819,
12820,8
12821,8
12822,
12823,
12826,
12827,8
12828,
12829,8
12830,
12831,8
12832,
12833,8
12834,
12835,8
12836,
12837,
12838,
12839,
12840,8
12841,
12842,8
12843,8
12844,8
12845,8
12846,8
12847,8
12848,
12849,8
12850,8
12851,
12852,
12853,8
12854,8
12855,8
12856,
12857,8
12858,
12859,
12860,8
12861,8
12862,8
12863,8
12864,8
12865,8
12866,8
12867,
12868,
12869,8
12870,8
12871,8
12872,
12873,
12874,8
12875,8
12877,8
12879,
12880,
12881,8
12882,8
12883,8
12884,8
12885,
12886,8
12887,
12888,8
12889,8
12890,8
12891,8
12892,8
12893,
12894,
12895,8
12896,8
12897,8
12898,
12899,
12900,
12901,
12902,
12903,8
12904,
12905,8
12906,8
12907,8
12908,8
12909,8
12910,8
12911,
12912,8
12913,8
12914,
12915,
12916,
12917,
12919,8
12920,8
12921,
12922,
12923,
12924,
12925,8
12926,
12927,
12928,8
12929,
12930,
12931,
12932,8
12933,
12934,8
12935,
12936,
12937,
12938,
12939,
12940,
12941,
12942,8
12943,
12944,
12945,
12946,
12947,
12948,
12949,
12950,
12952,
12953,
12954,
12955,8
12956,
12957,
12958,8
12959,
12960,
12961,
12962,
12963,
12964,
12965,8
12966,
12967,
12968,8
12969,
12970,
12971,
12972,8
12973,
12974,8
12975,8
12976,8
12977,
12978,
12979,8
12980,8
12981,8
12982,
12983,
12984,
12985,8
12986,8
12987,8
12988,
12989,8
12990,8
12991,
12992,
12993,8
12994,8
12995,8
12996,8
12997,
12998,8
12999,8
13000,
13001,8
13002,
13003,
13004,8
13005,
13006,
13007,
13008,
13009,8
13010,
13011,
13012,
13013,8
13014,
13015,
13016,
13017,
13018,
13019,8
13020,
13021,
13022,8
13023,
13024,
13025,
13026,
13027,
13028,
13029,8
13030,8
13031,8
13032,8
13033,
13034,
13035,
13036,8
13037,
13038,
13039,8
13040,
13041,8
13042,8
13043,
13044,8
13045,8
13046,8
13047,
13048,
13049,8
13050,8
13051,8
13052,
13053,8
13054,
13055,
13056,
13057,
13058,
13059,
13060,
13061,
13062,
13063,8
13064,
13065,8
13066,
13067,
13068,
13069,
13070,8
13071,
13072,
13073,
13074,
13075,
13076,
13077,
13078,
13079,
13080,8
13081,8
13082,8
13083,
13084,
13085,
13086,8
13087,8
13088,
13089,8
13090,
13091,
13092,
13093,
13094,
13095,8
13096,8
13097,8
13098,
13099,
13100,8
13101,
13102,
13103,
13104,
13105,
13106,
13107,
13108,
13109,
13110,
13111,
13112,
13113,
13114,8
13115,
13116,
13117,
13118,8
13119,
13120,8
13121,
13122,
13123,
13124,8
13125,
13126,8
13127,
13128,8
13129,
13131,8
13132,8
13133,
13134,
13135,
13136,
13137,
13138,
13139,
13140,8
13141,
13142,
13143,
13144,
13145,
13146,
13147,
13148,
13149,
13150,
13151,
13152,
13153,
13154,
13155,
13156,
13157,8
13158,8
13159,8
13160,
13161,8
13162,
13163,
13164,
13165,
13166,
13167,
13168,
13169,
13170,
13171,
13172,
13173,
13174,
13175,
13176,
13177,
13178,
13180,
13181,
13182,
13183,
13184,
13185,8
13186,
13187,
13188,
13189,
13190,
13191,
13192,
13193,
13194,
13195,8
13196,
13197,
13198,
13199,
13200,
13202,8
13203,
13204,
13205,
13206,
13207,
13208,
13209,
13210,
13211,8
13212,
13213,
13214,
13215,
13216,
13217,
13218,
13219,
13220,
13221,
13222,
13223,
13224,
13225,
13226,8
13227,8
13228,
13229,8
13230,
13231,8
13232,
13233,
13234,
13235,
13236,
13237,
13238,8
13239,
13240,
13241,
13242,
13243,
13244,8
13245,
13246,
13247,
13248,
13249,
13250,
13251,
13252,
13253,
13254,
13255,
13256,
13257,
13258,
13259,
13261,
13262,8
13263,
13264,
13265,
13266,
13267,8
13268,
13269,
13270,
13271,
13273,
13274,
13275,
13276,
13277,8
13278,
13279,
13280,8
13281,8
13282,
13283,
13284,
13285,
13286,8
13287,8
13288,8
13289,8
13290,8
13291,
13292,
13293,
13294,
13295,
13296,
13297,
13298,
13299,
13300,8
13301,
13302,
13303,
13304,
13305,
13306,
13307,
13308,
13309,8
13310,
13311,
13312,8
13313,
13314,
13315,
13316,
13317,
13318,
13319,8
13320,8
13321,
13322,
13323,8
13324,8
13325,
13326,
13327,
13328,
13329,8
13330,
13331,
13332,
13333,
13334,
13335,8
13336,
13337,8
13338,
13339,8
13340,
13341,
13342,8
13344,
13345,
13346,
13347,
13348,8
13349,8
13350,
13351,
13352,
13353,8
13354,8
13355,8
13356,
13357,8
13358,
13359,
13360,8
13361,
13362,8
13363,
13364,
13365,
13366,
13367,
13368,
13369,
13370,
13371,
13372,
13373,
13374,
13375,8
13376,8
13377,
13378,
13379,
13380,8
13381,
13382,
13383,
13384,8
13385,8
13386,
13387,8
13388,
13389,8
13390,8
13391,
13392,8
13393,
13394,8
13395,8
13396,8
13397,8
13398,8
13399,8
13400,8
13401,
13402,8
13403,
13404,
13405,8
13406,
13407,
13408,8
13409,8
13410,
13411,
13412,
13413,
13414,
13415,8
13416,8
13417,8
13418,8
13419,8
13420,
13421,
13422,
13423,
13424,
13426,
13427,
13428,8
13429,8
13430,
13431,
13432,8
13433,
13434,
13435,
13436,8
13437,8
13438,8
13439,
13440,8
